1,20,25,294,41,male
100,1,0,26,15,
100,1,0,342,6,
100,1,0,439,17,
100,1,0,440,20,
100,2,0,342,6,
100,2,0,436,17,
100,2,0,70,14,
100,3,0,341,6,
101,2,1,440,36,
101,3,0,417,42,
101,3,2,440,41,
101,3,3,440,46,
101,4,4,440,53,
106,1,4,434,46,male
107,1,3,434,40,male
107,2,4,434,46,male
109,1,0,104,18,male
109,1,0,108,17,male
109,1,0,176,25,male
109,1,0,188,28,male
109,1,0,213,31,male
109,1,1,108,24,male
109,1,2,108,27,male
109,1,3,108,30,male
109,1,4,108,33,male
109,2,0,108,17,male
109,2,0,171,25,male
109,2,0,176,25,male
109,2,0,182,28,male
109,2,1,108,24,male
109,2,2,108,27,male
109,2,3,108,30,male
109,2,4,108,33,male
109,3,0,108,17,male
109,3,1,108,24,male
109,3,2,108,27,male
109,3,3,108,30,male
109,3,4,108,33,male
109,4,1,108,24,male
109,4,2,108,27,male
109,4,3,108,30,male
110,4,4,108,35,male
111,1,0,310,31,male
111,2,2,119,29,male
111,2,3,119,32,male
112,2,3,119,35,male
113,1,1,457,42,female
113,2,2,457,47,female
115,3,2,457,45,female
115,3,3,457,50,female
115,3,4,457,55,female
116,1,0,229,34,male
116,1,0,277,33,female
116,1,0,46,25,female
116,2,0,1,25,female
116,2,1,1,34,female
117,2,0,277,33,female
117,3,2,1,36,female
117,3,3,1,38,female
118,1,0,169,26,female
118,1,0,238,34,female
118,1,0,260,33,female
118,1,0,40,27,male
118,1,0,42,26,female
118,1,0,44,26,female
118,1,0,478,40,female
118,1,0,483,39,female
118,1,0,57,13,female
118,1,0,62,24,female
118,2,0,115,17,male
118,2,0,38,25,female
118,3,0,62,24,female
118,6,0,152,11,female
118,6,1,152,22,female
118,6,2,152,25,female
118,6,3,152,28,female
119,1,0,225,34,female
119,1,0,252,35,female
119,1,0,265,34,female
119,1,0,282,34,female
119,1,0,486,40,female
119,6,4,152,31,female
120,1,0,221,34,
120,1,0,232,34,
120,1,0,237,33,
120,1,0,244,33,
120,1,0,250,35,
120,1,0,251,35,
120,1,0,263,34,
120,1,0,43,26,
120,1,1,237,37,
120,1,1,250,39,
120,1,1,251,39,
120,1,2,250,42,
120,1,2,251,42,
120,1,3,39,34,
120,2,0,237,33,
120,2,0,244,33,
120,2,0,246,34,
120,2,0,255,34,
120,2,0,256,33,
120,2,1,237,37,
120,2,2,237,39,
120,2,3,237,41,
120,3,2,237,39,
120,3,3,237,41,
121,1,3,250,45,
121,1,3,251,45,
121,1,4,250,48,
121,1,4,251,48,
121,1,4,39,37,
121,2,0,407,46,
121,2,4,237,43,
121,3,4,219,45,
121,3,4,237,43,
125,1,4,440,50,male
127,1,0,200,27,male
128,4,4,457,57,male
129,1,0,115,16,male
129,1,0,166,29,male
129,1,0,24,5,male
129,1,0,242,15,male
129,1,0,271,19,male
129,1,0,35,10,male
129,1,0,490,9,male
129,1,0,495,5,male
129,2,0,242,25,male
129,2,0,495,6,male
129,3,0,24,15,male
129,3,0,35,10,male
129,3,0,495,7,male
130,1,0,216,34,male
130,1,0,235,34,male
130,1,0,259,34,male
130,1,0,285,34,male
130,1,2,35,29,male
130,1,3,35,31,male
130,1,4,35,33,male
130,2,0,271,21,male
130,2,1,35,27,male
130,3,0,242,35,male
130,3,0,271,23,male
130,3,1,35,27,male
130,3,4,35,33,male
130,4,0,271,26,male
130,4,2,35,29,male
130,4,3,35,31,male
130,5,0,12,56,male
130,5,0,271,30,male
130,6,0,271,35,male
131,1,3,488,56,male
131,1,4,488,61,male
138,1,2,427,37,male
139,1,3,427,42,male
139,3,4,427,47,male
140,2,1,427,35,male
141,3,2,427,40,male
141,3,3,427,45,male
141,4,4,427,50,male
142,1,4,427,47,male
147,1,1,464,40,male
148,3,2,464,45,male
148,3,3,464,50,male
149,4,4,464,55,male
163,1,2,464,43,male
164,1,3,464,48,male
164,1,4,464,53,male
169,2,0,300,38,male
169,2,0,336,41,male
169,2,1,300,43,male
170,1,0,217,34,male
170,1,0,258,34,female
170,1,0,279,33,male
170,1,1,217,42,male
171,1,2,217,45,male
171,1,3,217,48,male
171,1,4,217,46,male
171,2,0,414,43,female
177,1,0,291,33,male
177,1,0,469,36,female
177,1,1,178,32,male
177,1,2,178,35,male
177,1,3,178,38,male
177,2,0,179,28,male
177,2,0,314,26,female
178,1,0,467,36,female
178,2,0,209,30,male
178,2,0,227,33,male
178,2,0,403,41,female
178,2,0,461,29,male
178,2,0,477,41,male
178,2,4,178,41,male
178,3,0,398,36,male
178,3,1,477,49,male
178,4,2,477,54,male
178,4,3,477,59,male
178,4,4,477,64,male
179,1,1,440,36,male
180,2,2,440,41,male
181,2,3,440,46,male
181,3,4,440,51,male
182,1,4,167,39,female
183,1,0,110,17,female
183,1,0,116,18,female
183,1,0,143,9,female
183,1,0,19,15,female
183,1,0,215,34,female
183,1,0,234,33,female
183,1,0,27,26,female
183,1,0,309,21,female
183,1,0,4,26,male
183,1,0,52,13,female
183,1,0,59,26,female
183,1,0,6,26,female
183,1,0,60,26,female
183,1,0,76,15,female
183,1,0,90,22,female
183,1,1,54,26,female
183,1,2,54,29,female
183,1,3,54,32,female
183,2,0,122,18,female
183,2,0,46,25,female
183,2,0,484,37,female
183,2,0,56,12,male
183,2,0,83,17,female
183,2,0,88,22,female
183,2,1,54,26,female
183,2,2,54,29,female
183,2,3,54,32,female
183,3,0,152,11,female
183,3,0,385,14,female
183,3,1,152,22,female
183,3,2,152,25,female
183,3,3,152,28,female
183,4,0,194,25,female
184,1,0,268,35,male
184,1,0,270,34,female
184,1,0,328,45,male
184,1,0,487,40,female
184,1,4,54,35,female
184,2,0,248,34,female
184,2,4,54,35,female
184,3,0,484,39,female
184,3,4,152,31,female
186,3,4,488,61,male
199,3,4,477,63,male
202,1,0,314,26,female
202,1,0,320,32,male
202,1,0,402,41,male
202,1,0,472,36,male
203,1,0,468,36,male
203,1,0,470,36,male
208,5,4,427,50,male
218,1,0,120,18,male
218,1,0,172,25,male
218,1,0,441,22,male
218,1,0,442,23,male
218,1,0,447,23,male
218,1,1,120,26,male
218,1,11,17,29,male
218,1,11,18,29,female
218,1,13,17,13,male
218,1,13,18,13,female
218,1,2,120,29,male
218,1,3,120,32,male
218,1,8,17,18,male
218,1,8,18,18,female
218,2,0,100,18,male
218,2,0,441,22,male
218,2,0,449,24,female
218,2,10,17,29,male
218,2,10,18,29,female
218,2,12,17,32,male
218,2,12,18,32,female
218,2,7,17,18,male
218,2,7,18,18,female
218,3,12,17,32,male
218,3,12,18,32,female
219,1,1,449,38,male
219,1,4,120,35,male
219,2,2,449,43,male
219,2,4,449,53,male
219,3,3,449,48,male
227,1,0,111,17,male
227,1,0,304,77,male
227,1,0,416,43,female
227,1,0,458,30,male
227,1,0,64,25,male
227,2,0,239,32,male
227,2,0,459,27,male
227,2,0,64,25,male
227,2,1,304,43,female
227,4,0,464,31,female
227,4,1,464,43,male
227,5,2,464,48,male
227,5,3,464,53,male
227,5,4,464,58,male
228,1,3,449,46,male
229,3,4,449,51,male
230,3,0,11,53,male
230,3,4,1,40,female
230,5,0,488,46,male
230,5,1,488,51,male
230,5,2,488,56,male
230,6,3,488,61,male
230,6,4,488,66,male
237,3,1,434,35,male
237,3,2,434,40,male
237,4,3,434,45,male
237,5,4,434,50,male
242,2,3,457,52,female
242,2,4,457,57,female
25,1,0,197,30,female
25,1,2,440,39,male
252,1,2,17,5,male
252,1,2,18,5,male
252,2,13,17,15,male
252,2,13,18,15,male
252,2,5,17,15,male
252,2,5,18,15,male
253,3,11,17,31,male
253,3,11,18,31,male
253,3,8,17,20,male
253,3,8,18,20,male
253,4,12,17,34,male
253,4,12,18,34,male
255,1,0,17,5,male
255,1,0,18,5,male
255,2,13,17,15,male
255,2,13,18,15,male
255,2,3,17,15,male
255,2,3,18,15,male
256,3,6,17,20,male
256,3,6,18,20,male
256,3,9,17,31,male
256,3,9,18,31,male
256,4,12,17,34,male
256,4,12,18,34,male
258,1,1,17,5,male
258,1,1,18,5,male
258,2,13,17,15,male
258,2,13,18,15,male
258,2,4,17,15,male
258,2,4,18,15,male
259,3,10,17,31,male
259,3,10,18,31,male
259,3,7,17,20,male
259,3,7,18,20,male
259,4,12,17,34,male
259,4,12,18,34,male
26,1,3,440,44,male
26,2,4,440,51,male
261,1,0,13,5,male
261,1,0,194,25,female
261,1,0,294,22,male
261,1,1,294,29,male
261,1,13,321,32,male
261,1,16,321,31,female
261,1,2,321,30,male
261,1,23,321,27,male
261,1,25,321,26,male
261,1,6,321,9,male
261,1,7,321,11,male
261,1,8,294,29,male
261,1,8,321,36,male
261,2,0,141,8,male
261,2,0,315,26,female
261,2,17,294,31,female
261,2,2,299,20,male
261,2,22,321,27,male
261,2,24,321,27,female
261,4,0,146,11,male
262,1,0,300,37,male
262,1,0,336,41,male
262,1,0,343,34,male
262,1,0,8,46,male
262,1,1,13,27,male
262,1,1,300,42,male
262,1,10,294,29,male
262,1,12,294,29,male
262,1,12,321,35,male
262,1,2,300,24,male
262,1,20,294,26,male
262,1,22,294,32,male
262,1,3,294,29,female
262,2,0,299,28,male
262,2,0,335,37,female
262,2,1,299,38,male
262,2,1,315,31,female
262,2,1,335,28,female
262,2,2,13,30,male
262,2,2,315,33,female
262,2,20,294,28,male
262,2,3,315,35,female
262,2,4,315,37,female
262,3,3,13,33,male
262,3,4,13,36,male
262,4,1,146,22,male
262,4,2,146,25,male
262,4,3,146,28,male
262,4,4,146,31,male
263,1,0,141,8,male
263,1,0,145,15,male
263,1,0,15,4,male
263,1,0,154,14,male
263,1,0,16,4,female
263,1,0,2,25,male
263,1,0,298,20,male
263,1,0,386,14,male
263,1,0,437,17,male
263,1,0,489,5,male
263,1,0,491,7,female
263,1,0,492,7,male
263,1,0,53,13,male
263,1,1,145,28,male
263,1,1,298,26,male
263,1,2,145,31,male
263,2,0,140,8,female
263,2,0,146,11,male
263,2,0,386,16,male
263,2,0,74,16,male
263,3,0,315,26,female
263,3,1,315,31,female
263,4,0,195,25,male
264,1,1,491,27,female
264,1,1,492,27,male
264,1,1,53,27,male
264,1,2,196,36,male
264,1,2,298,29,male
264,1,2,491,30,female
264,1,2,492,30,male
264,1,2,53,30,male
264,1,3,145,34,male
264,1,3,196,39,male
264,1,3,491,33,female
264,1,3,492,33,male
264,1,3,53,33,male
264,1,4,145,36,male
264,1,4,196,41,male
264,1,4,491,36,female
264,1,4,492,36,male
264,1,4,53,36,male
264,2,0,240,32,female
264,2,1,146,22,male
264,2,2,146,25,male
264,2,3,13,29,male
264,2,3,146,28,male
264,2,4,13,32,male
264,2,4,146,31,male
264,3,0,457,29,male
264,3,2,315,33,female
264,3,3,298,31,male
264,3,3,315,35,female
264,3,4,298,34,male
264,3,4,315,37,female
265,1,0,134,8,male
265,1,0,14,4,male
265,1,0,161,24,male
265,1,0,163,27,male
265,1,0,322,3,male
265,2,0,14,4,male
265,2,0,322,3,male
265,2,3,187,36,male
265,3,0,322,3,male
265,4,0,322,3,male
266,2,0,161,24,male
267,1,0,203,26,male
267,2,0,148,16,male
267,2,0,190,29,male
267,2,0,389,16,female
267,2,0,65,27,male
267,3,0,161,24,male
267,5,4,187,38,male
268,2,0,163,27,male
269,1,0,148,16,male
269,1,0,190,29,male
269,1,0,65,27,male
269,1,2,323,29,male
269,2,0,203,26,male
269,2,3,323,31,male
269,2,4,187,38,male
269,3,0,163,27,male
269,3,4,323,33,male
27,1,0,118,18,male
27,1,0,29,25,male
27,1,0,31,25,male
27,1,0,78,19,male
27,1,0,84,18,male
27,1,0,85,22,female
27,1,0,87,23,male
27,1,0,88,22,female
27,1,0,91,22,male
27,1,1,31,31,male
27,1,3,298,31,male
27,2,0,103,18,male
27,2,0,189,27,male
27,2,0,31,25,male
27,2,0,86,21,male
27,2,1,31,31,male
27,2,2,31,33,male
27,2,3,31,35,male
27,2,4,298,34,male
27,5,0,194,25,female
270,1,0,140,8,female
270,1,0,185,28,female
270,1,0,493,6,female
270,1,13,17,13,male
270,1,13,18,13,female
270,1,3,17,13,male
270,1,3,18,13,female
270,1,4,17,13,male
270,1,4,18,13,female
270,1,5,17,13,male
270,1,5,18,13,female
270,2,0,138,8,male
270,2,0,494,6,male
270,4,0,315,26,female
270,4,1,315,31,female
271,1,0,122,18,female
271,1,0,69,14,male
271,1,1,493,26,female
271,1,1,69,26,male
271,1,10,17,29,male
271,1,10,18,29,female
271,1,2,493,29,female
271,1,2,69,29,male
271,1,3,493,32,female
271,1,3,69,32,male
271,1,7,17,18,male
271,1,7,18,18,female
271,2,0,110,19,female
271,2,0,116,18,female
271,2,0,185,28,female
271,2,0,90,22,female
271,2,0,97,17,female
271,2,4,493,34,female
271,2,6,17,18,male
271,2,6,18,18,female
271,2,9,17,29,male
271,2,9,18,29,female
271,3,0,186,28,male
271,3,0,485,39,female
271,4,2,315,33,female
271,4,3,315,35,female
272,1,4,69,35,male
272,2,0,281,33,male
272,2,12,17,32,male
272,2,12,18,32,female
272,3,0,12,56,male
272,3,0,418,42,female
272,3,12,17,32,male
272,3,12,18,32,female
272,4,4,315,37,female
273,1,0,186,28,male
273,1,0,494,6,male
273,2,0,489,7,male
273,5,0,315,26,female
273,5,1,315,31,female
274,1,0,113,19,female
274,1,0,96,18,male
274,2,0,118,18,male
274,2,0,186,28,male
274,2,0,69,14,male
274,2,0,92,22,male
274,2,1,69,26,male
274,2,2,69,29,male
274,2,3,69,32,male
274,3,0,185,28,female
274,5,2,315,33,female
274,5,3,315,35,female
275,1,0,247,34,male
275,2,0,198,29,male
275,2,0,8,48,male
275,2,4,69,35,male
275,4,0,417,42,male
275,5,0,207,28,male
275,5,4,315,37,female
276,1,0,158,25,male
276,1,0,32,25,male
276,1,0,74,16,male
276,1,0,92,22,male
276,1,0,97,17,female
276,2,0,15,3,male
276,2,0,298,20,male
276,2,1,298,26,male
276,5,0,146,11,male
276,6,0,315,26,female
276,6,1,315,31,female
276,6,2,315,33,female
277,1,0,170,26,male
277,1,0,207,28,male
277,1,0,239,32,male
277,1,0,273,33,male
277,1,0,398,36,male
277,1,0,411,42,male
277,1,0,450,26,male
277,1,0,461,29,male
277,1,2,13,28,male
277,1,3,13,31,male
277,1,4,13,34,male
277,1,4,298,34,male
277,1,4,493,34,female
277,2,0,111,19,male
277,2,0,158,25,male
277,2,0,291,33,male
277,2,0,47,24,female
277,2,2,298,29,male
277,2,3,298,31,male
277,5,1,146,22,male
277,5,2,146,25,male
277,5,3,146,28,male
277,5,4,146,31,male
277,6,3,315,35,female
277,6,4,315,37,female
278,1,0,152,11,female
278,1,0,159,26,male
278,1,0,173,25,male
278,1,0,179,28,male
278,1,0,223,33,male
278,1,0,246,26,female
278,1,0,255,26,male
278,1,0,256,27,female
278,1,0,266,33,male
278,1,0,30,25,female
278,1,0,38,25,female
278,1,0,48,24,male
278,1,0,50,12,male
278,1,0,51,13,male
278,1,0,58,11,male
278,1,0,94,17,female
278,1,1,152,22,female
278,1,1,223,36,male
278,1,1,48,30,male
278,1,1,94,26,female
278,1,13,17,13,male
278,1,13,18,13,female
278,1,2,237,39,
278,1,6,17,18,male
278,1,6,18,18,female
278,2,0,120,18,male
278,2,0,195,25,male
278,2,0,218,33,male
278,2,0,233,31,male
278,2,0,268,33,male
278,2,0,32,25,male
278,2,0,41,24,male
278,2,0,62,24,female
278,2,1,120,26,male
278,2,8,17,18,male
278,2,8,18,18,female
278,3,0,388,15,male
279,1,0,209,30,male
279,1,0,264,34,male
279,1,0,274,33,female
279,1,2,152,25,female
279,1,2,223,39,male
279,1,2,48,32,male
279,1,2,94,29,female
279,1,3,152,28,female
279,1,3,223,42,male
279,1,3,237,41,
279,1,3,48,34,male
279,1,3,94,32,female
279,1,4,152,31,female
279,1,4,223,45,male
279,1,4,237,43,
279,1,4,48,36,male
279,1,4,94,34,female
279,1,9,17,29,male
279,1,9,18,29,female
279,2,0,334,43,male
279,2,0,398,36,male
279,2,0,421,43,male
279,2,0,462,29,male
279,2,11,17,29,male
279,2,11,18,29,female
279,2,12,17,32,male
279,2,12,18,32,female
279,2,2,120,29,male
279,2,3,120,32,male
279,2,4,120,35,male
279,3,0,206,29,female
279,3,0,464,30,female
279,3,1,464,41,male
279,3,12,17,32,male
279,3,12,18,32,female
279,3,4,464,55,male
279,4,2,464,46,male
279,4,3,464,51,male
28,1,0,412,42,female
28,1,0,5,26,male
28,1,0,89,23,male
28,1,1,89,27,male
28,1,2,89,30,male
28,1,3,89,30,male
28,1,4,89,33,male
28,2,0,29,25,male
28,2,0,91,22,male
28,2,4,31,37,male
28,3,0,189,27,male
28,3,4,31,37,male
280,1,0,142,9,male
280,1,0,149,17,female
280,1,0,301,16,male
280,1,0,316,26,male
280,1,0,387,17,male
280,1,0,474,36,male
280,1,1,142,26,male
280,2,0,316,26,male
281,1,0,403,41,female
281,1,0,465,36,male
281,1,0,476,36,female
281,1,2,142,29,male
281,1,3,142,32,male
281,1,4,142,34,male
281,2,0,133,26,female
281,3,0,316,26,male
282,1,0,422,43,female
282,5,1,301,45,male
282,5,2,301,48,male
282,5,3,301,51,male
282,5,4,301,54,male
282,5,5,301,57,male
283,1,0,165,26,male
283,1,0,187,27,male
283,1,1,187,31,male
283,1,2,187,34,male
283,1,3,187,36,male
283,1,3,323,31,male
283,1,4,187,38,male
283,1,4,323,33,male
283,2,0,187,27,male
283,2,1,187,31,male
283,2,2,187,34,male
283,3,0,187,27,male
283,3,1,187,31,male
283,3,3,187,36,male
283,3,4,187,38,male
284,3,2,187,34,male
284,4,3,187,36,male
284,4,4,187,38,male
285,1,0,101,18,female
285,1,0,136,9,female
285,1,0,138,8,male
285,1,0,21,14,female
285,1,0,295,19,female
285,1,0,296,21,female
285,1,0,306,21,female
285,1,0,389,16,female
285,1,0,80,18,female
285,1,0,83,17,female
285,1,1,136,26,female
285,1,1,153,26,female
285,1,1,295,25,female
285,1,2,136,29,female
285,1,2,153,28,female
285,1,3,153,31,female
285,2,0,152,11,female
285,2,0,153,14,female
285,2,0,16,4,female
285,2,0,194,25,female
285,2,0,385,14,female
285,2,0,493,6,female
285,2,0,76,15,female
285,2,1,152,22,female
285,2,1,493,26,female
286,1,0,168,27,male
286,1,0,395,27,female
286,1,1,168,31,male
286,1,2,168,34,male
286,1,2,295,28,female
286,1,3,136,32,female
286,1,3,168,37,male
286,1,3,295,31,female
286,1,4,136,35,female
286,1,4,153,34,female
286,1,4,295,40,female
286,2,0,273,33,male
286,2,2,152,25,female
286,2,2,493,29,female
286,2,3,152,28,female
286,2,3,493,32,female
286,2,4,152,31,female
286,2,4,168,39,male
286,3,4,493,34,female
287,1,0,454,26,male
288,1,0,456,26,male
288,2,0,199,29,female
288,2,0,457,27,male
288,2,1,199,35,female
288,3,2,199,37,female
288,3,3,199,39,female
289,1,0,423,43,male
289,1,2,457,47,male
289,1,3,457,52,male
289,1,4,457,57,male
289,2,0,193,32,male
289,2,0,422,43,female
289,2,1,457,42,male
289,3,4,199,41,female
289,4,0,457,31,male
289,4,1,457,45,male
289,5,2,457,50,male
289,5,3,457,55,male
289,6,4,457,60,male
290,1,0,164,28,male
290,1,0,182,28,male
290,1,0,323,6,male
290,2,0,134,8,male
290,2,0,323,6,male
291,1,0,128,26,male
291,1,0,160,25,male
291,1,0,171,25,male
291,1,0,175,26,male
291,1,1,323,27,male
291,2,0,104,18,male
291,2,0,164,28,male
291,2,0,188,28,male
291,2,2,323,29,male
291,2,4,323,33,male
291,3,3,323,31,male
291,4,4,323,33,male
293,1,0,146,11,male
293,2,0,156,15,male
293,2,0,82,17,
293,2,1,136,26,female
293,2,1,156,25,male
294,1,0,199,29,female
294,1,1,146,22,male
294,1,1,199,35,female
294,1,2,146,25,male
294,1,3,146,28,male
294,1,4,146,31,male
294,2,0,208,30,male
294,2,0,276,33,male
294,2,1,82,27,
294,2,2,136,29,female
294,2,2,156,28,male
294,2,2,199,37,female
294,2,2,82,30,
294,2,3,136,32,female
294,2,3,156,31,male
294,2,3,199,39,female
294,3,1,208,35,male
294,3,2,208,37,male
294,3,3,208,39,male
295,2,4,136,35,female
295,2,4,156,34,male
295,2,4,199,41,female
295,3,4,208,41,male
296,1,0,195,25,male
296,1,0,211,30,male
296,1,0,25,15,male
296,1,0,393,26,male
296,1,0,432,13,male
296,1,2,245,39,male
296,2,0,127,18,male
296,2,0,132,26,male
296,2,0,145,17,male
296,2,0,183,28,male
296,2,0,307,21,male
296,2,1,127,26,male
296,2,1,145,30,male
296,2,1,307,30,male
296,2,2,127,29,male
296,2,2,145,33,male
296,2,3,145,36,male
296,3,0,434,19,male
296,3,0,93,17,male
296,3,1,93,26,male
296,3,2,93,29,male
296,3,3,93,32,male
296,6,0,146,11,male
296,6,1,146,22,male
297,1,0,129,27,male
297,1,0,272,34,male
297,1,0,312,31,male
297,1,0,318,32,male
297,1,1,129,33,male
297,1,2,129,36,male
297,1,3,129,39,male
297,1,3,245,41,male
297,1,4,129,42,male
297,1,4,245,43,male
297,2,0,279,33,male
297,2,0,287,33,male
297,2,0,302,39,male
297,2,1,302,43,male
297,2,2,302,46,male
297,2,2,307,33,male
297,2,3,127,32,male
297,2,3,302,49,male
297,2,3,307,36,male
297,2,4,127,35,male
297,2,4,145,38,male
297,2,4,302,52,male
297,2,4,307,39,male
297,3,4,93,35,male
297,4,1,434,37,male
297,4,2,434,42,male
297,5,3,434,47,male
297,6,2,146,25,male
297,6,3,146,28,male
297,6,4,146,31,male
297,6,4,434,52,male
298,1,0,484,35,female
298,1,0,54,12,female
298,1,0,56,12,female
298,2,0,54,12,female
299,1,2,31,33,male
299,1,3,31,35,male
299,1,4,31,37,male
299,2,0,247,34,male
299,2,0,392,22,male
299,3,0,427,15,female
299,4,1,427,37,male
299,5,2,427,42,male
299,5,3,427,47,male
299,6,4,427,52,male
300,1,0,23,15,female
300,1,0,315,26,female
300,1,0,330,22,female
300,1,0,385,14,female
300,1,0,391,23,female
300,1,1,23,29,female
300,1,1,315,31,female
300,1,2,23,32,female
300,1,2,315,33,female
300,2,0,330,36,female
300,3,0,330,40,female
300,4,0,330,12,female
300,5,0,152,11,female
300,5,0,330,30,female
300,5,1,152,22,female
301,1,0,313,31,female
301,1,0,451,26,female
301,1,3,23,35,female
301,1,3,315,35,female
301,1,4,23,38,female
301,1,4,315,37,female
301,2,1,301,43,female
301,2,2,301,46,female
301,2,3,301,49,female
301,2,4,301,52,female
301,2,5,301,53,female
301,5,2,152,25,female
301,5,3,152,28,female
301,5,4,152,31,female
301,6,0,330,42,female
302,1,0,184,30,female
302,1,0,319,32,female
302,1,0,406,44,male
302,1,0,420,43,female
302,1,1,319,31,female
302,2,0,416,43,female
302,2,2,319,35,female
302,2,3,319,40,female
302,2,4,319,42,female
302,3,0,9,50,female
303,1,0,206,29,female
303,1,0,407,46,male
303,2,0,411,42,male
304,1,0,105,18,male
304,1,0,109,19,male
304,1,0,119,19,male
304,1,0,68,15,male
304,2,0,105,18,male
304,2,0,154,14,male
304,3,0,146,11,male
304,3,1,146,22,male
304,3,2,146,25,male
304,3,3,146,28,male
305,1,0,405,45,female
305,1,1,119,27,male
305,1,2,119,29,male
305,1,3,119,32,male
305,3,4,146,31,male
306,1,3,119,35,male
306,3,0,304,76,male
306,3,1,304,44,female
307,1,0,126,18,female
307,1,0,127,18,female
307,1,0,132,26,female
307,1,0,151,17,female
307,1,0,183,28,female
307,1,0,287,33,female
307,1,0,307,21,female
307,1,0,394,27,female
307,1,0,428,13,female
307,1,0,429,13,female
307,1,0,433,13,female
307,1,0,435,17,female
307,1,0,448,23,female
307,1,0,475,36,female
307,1,0,77,18,female
307,1,1,127,26,female
307,1,1,307,30,female
307,1,2,127,29,female
307,2,0,280,33,female
307,2,0,434,16,male
307,2,0,435,17,female
307,2,1,142,26,male
307,2,1,434,33,male
307,2,2,142,29,male
308,1,0,302,39,male
308,1,0,415,43,male
308,1,1,302,43,male
308,1,2,302,46,male
308,1,2,307,33,female
308,1,3,127,32,female
308,1,3,302,49,male
308,1,3,307,36,female
308,1,4,127,35,female
308,1,4,302,52,male
308,1,4,307,39,female
308,2,0,275,33,female
308,2,0,406,44,male
308,2,0,418,42,female
308,2,2,434,38,male
308,2,3,142,32,male
308,3,3,434,43,male
308,3,4,142,32,male
308,4,4,434,48,male
309,1,0,208,30,male
309,1,0,436,17,male
309,1,0,70,14,male
309,1,0,93,17,male
309,1,1,208,35,male
309,1,1,93,26,male
309,1,2,208,37,male
309,2,0,2,25,male
309,2,0,440,20,male
309,2,0,68,13,male
309,2,1,208,35,male
309,3,0,154,14,male
309,3,0,194,25,female
309,5,0,195,25,male
310,1,0,174,26,male
310,1,0,180,30,male
310,1,0,196,29,male
310,1,0,198,29,male
310,1,0,228,33,male
310,1,0,240,32,female
310,1,0,290,34,female
310,1,0,329,44,male
310,1,0,47,24,female
310,1,1,196,34,male
310,1,2,93,29,male
310,1,3,208,39,male
310,1,3,93,32,male
310,1,4,208,41,male
310,1,4,93,35,male
310,2,0,313,31,male
310,2,0,329,44,male
310,2,0,405,45,female
310,2,2,196,36,male
310,2,2,208,37,male
310,2,3,196,39,male
310,2,3,208,39,male
310,2,4,208,41,male
310,3,0,47,24,female
310,3,4,196,41,male
310,4,0,440,24,male
310,4,1,440,40,male
310,5,2,440,45,male
310,5,3,440,50,male
310,6,4,440,55,male
311,1,0,22,15,male
311,1,0,66,14,female
311,1,1,22,27,male
311,1,1,66,26,female
311,1,2,22,30,male
311,1,2,66,29,female
311,1,3,22,33,male
311,1,3,66,32,female
311,1,4,22,36,male
311,1,4,66,35,female
311,2,0,67,14,male
312,1,0,67,14,male
312,2,0,22,15,male
312,2,0,66,14,female
312,2,1,22,27,male
312,2,1,66,26,female
312,2,2,22,30,male
312,2,2,66,29,female
312,2,3,22,33,male
312,2,3,66,32,female
312,2,4,22,36,male
312,2,4,66,35,female
313,1,0,162,25,male
313,1,0,7,25,male
313,1,1,7,30,female
313,1,2,7,33,female
313,1,3,7,36,female
313,1,4,7,39,female
314,1,0,438,17,female
314,2,0,162,25,female
314,2,0,7,25,female
314,2,1,7,30,female
314,2,2,7,33,female
314,2,3,7,36,female
314,2,4,7,39,female
315,1,0,117,18,male
315,1,0,153,14,female
315,1,0,177,28,female
315,1,0,202,26,female
315,1,0,275,33,female
315,1,0,331,45,female
315,1,0,409,45,female
315,1,0,75,17,female
315,1,0,79,18,female
315,1,3,106,34,female
315,1,4,106,37,female
315,2,0,101,18,female
315,2,0,167,26,female
315,2,0,206,29,female
315,2,0,21,14,female
315,2,0,396,38,female
315,2,1,153,26,female
315,2,1,167,30,female
315,2,2,167,33,female
315,2,3,167,36,female
315,2,4,167,39,female
315,3,0,153,14,female
315,3,0,94,17,female
315,3,1,301,44,male
315,3,1,94,26,female
315,3,2,153,28,female
315,3,2,301,47,male
315,3,2,94,29,female
315,3,3,153,31,female
315,3,3,301,50,male
315,3,3,94,32,female
315,3,4,153,34,female
315,3,4,301,53,male
315,3,4,94,34,female
315,3,5,301,56,male
315,4,0,152,11,female
315,4,1,152,22,female
315,4,2,152,25,female
315,4,3,152,28,female
315,4,4,152,31,female
316,2,0,128,26,male
316,2,0,437,17,male
316,6,0,194,25,female
318,1,0,222,34,male
318,1,0,231,34,male
318,1,0,233,31,male
318,1,0,243,31,male
318,1,0,321,32,male
318,1,0,33,26,male
318,1,0,39,26,male
318,1,0,45,26,male
318,1,0,482,39,female
318,1,1,335,28,female
318,1,11,321,36,female
318,1,14,321,32,female
318,1,17,321,32,male
318,1,20,321,32,male
318,1,21,321,28,female
318,1,4,321,15,male
318,1,9,321,36,male
318,2,0,157,25,male
318,2,0,217,33,male
318,2,0,61,25,male
318,2,1,217,40,male
318,2,15,321,31,male
318,2,2,217,43,male
318,2,2,321,30,male
318,2,2,35,26,male
318,2,23,321,27,male
318,2,3,35,30,male
318,2,5,321,14,male
318,3,0,233,31,male
318,3,25,321,26,male
318,4,0,166,23,male
319,1,0,257,34,male
319,1,0,269,34,male
319,1,0,335,37,female
319,1,1,39,30,male
319,1,2,39,33,male
319,2,0,254,33,male
319,2,0,482,39,female
319,2,3,217,51,male
319,2,3,39,36,male
319,2,4,217,49,male
319,2,4,35,33,male
319,3,0,241,32,male
319,3,0,336,43,male
319,3,0,406,44,male
320,1,0,1,25,female
320,1,0,219,34,female
320,1,0,241,30,male
320,1,0,288,34,male
320,1,0,37,26,female
320,1,0,63,25,male
320,1,1,1,34,female
320,1,1,219,38,female
320,1,2,219,41,female
320,1,3,321,30,female
320,2,0,177,28,female
320,2,0,220,33,male
320,2,0,261,33,male
320,2,0,30,25,female
320,2,0,483,39,female
320,2,0,73,14,male
320,2,0,93,17,male
320,2,1,93,26,male
320,2,2,1,36,female
320,2,2,93,29,male
320,2,3,1,38,female
320,2,3,219,43,female
320,2,3,93,32,male
320,2,4,219,45,female
320,2,4,93,35,male
320,3,0,207,28,male
320,3,0,249,36,male
320,4,0,73,14,male
321,1,0,12,57,male
321,2,4,1,40,female
321,3,0,413,42,male
322,1,0,100,18,male
322,1,0,106,19,female
322,1,0,299,26,male
322,1,0,305,21,female
322,1,0,388,15,male
322,1,0,443,23,male
322,1,0,444,23,male
322,1,0,446,23,male
322,1,0,449,24,female
322,1,0,81,18,male
322,1,0,99,17,male
322,1,1,106,29,female
322,1,15,294,29,male
322,1,18,294,32,male
322,1,2,106,32,female
322,1,2,294,29,male
322,1,2,299,18,male
322,1,24,294,20,female
322,1,9,294,29,female
322,2,0,121,18,male
322,2,0,172,25,male
322,2,0,231,35,male
322,2,0,294,22,male
322,2,0,94,17,female
322,2,1,308,26,male
322,2,1,94,26,female
322,2,2,308,28,male
322,2,2,94,29,female
322,2,3,106,34,female
322,2,3,308,30,male
322,2,3,94,32,female
322,2,4,294,28,male
322,3,0,76,15,female
322,3,2,299,22,male
322,3,20,294,30,male
322,6,0,195,25,male
323,1,1,299,36,male
323,2,0,274,33,female
323,2,0,438,17,male
323,2,4,106,37,female
323,2,4,308,33,male
323,2,4,94,34,female
323,3,0,300,39,male
323,3,0,449,26,female
323,3,1,300,44,male
323,3,1,449,38,male
323,3,2,300,25,male
323,4,2,449,43,male
323,5,3,449,48,male
323,5,4,449,53,male
324,1,0,418,42,female
324,4,0,449,29,female
324,4,1,449,40,male
324,5,2,449,45,male
324,6,3,449,50,male
324,6,4,449,55,male
325,1,0,311,31,female
325,1,0,473,36,male
325,1,2,319,35,female
325,1,3,319,40,female
325,2,0,126,18,female
325,2,1,319,31,female
326,3,4,319,42,female
327,1,0,107,19,male
327,1,0,193,30,male
327,1,0,452,26,male
327,1,0,457,27,male
327,1,2,199,37,female
327,1,3,199,39,female
327,1,4,199,41,female
327,2,0,107,19,male
327,3,1,457,43,male
327,4,2,457,48,male
327,4,3,457,53,male
327,5,4,457,58,male
328,1,0,102,19,male
328,2,0,207,28,male
330,4,0,11,53,male
332,1,0,397,39,male
332,1,0,421,43,male
332,3,0,8,46,male
333,1,0,178,29,male
333,1,0,231,32,male
333,1,0,396,38,female
333,1,0,460,27,female
333,1,0,464,29,female
333,2,0,391,23,female
333,2,0,460,27,female
333,2,1,178,32,male
333,3,0,295,19,female
333,3,0,460,27,female
333,3,1,295,25,female
333,3,2,295,28,female
333,3,3,295,31,female
334,1,0,303,37,male
334,1,1,301,44,male
334,1,1,303,41,male
334,1,2,301,47,male
334,1,2,303,44,male
334,1,3,301,50,male
334,1,4,178,41,male
334,1,4,301,53,male
334,1,4,303,49,male
334,1,5,301,56,male
334,2,0,11,54,male
334,2,0,303,37,male
334,2,1,303,41,male
334,2,2,178,35,male
334,2,2,303,44,male
334,2,3,178,38,male
334,2,3,303,46,male
334,2,4,303,49,male
334,3,3,303,46,male
334,3,4,295,40,female
334,5,0,464,33,female
334,5,1,464,45,male
334,6,2,464,50,male
334,6,3,464,55,male
334,6,4,464,60,male
335,1,0,125,18,male
335,1,0,205,30,male
335,1,0,332,45,male
335,1,0,455,26,female
336,2,0,125,18,male
336,2,0,192,29,female
336,2,0,205,30,male
336,2,1,192,35,female
336,2,2,192,38,female
336,2,3,192,41,female
336,2,4,192,44,female
337,1,0,419,43,
337,1,4,210,43,
337,2,0,210,30,
337,2,0,400,41,
337,2,1,210,34,
337,2,2,210,37,
337,2,3,210,40,
337,3,0,477,42,
337,4,1,477,50,
337,5,2,477,55,
337,5,3,477,60,
337,5,4,477,65,
338,1,0,212,31,
338,1,4,212,45,
338,2,0,399,41,
338,2,0,419,43,
338,2,1,212,33,
338,2,2,212,38,
338,2,3,212,41,
338,4,0,477,42,
338,5,1,477,50,
338,6,2,477,55,
338,6,3,477,60,
338,6,4,477,65,
339,1,0,112,19,male
339,1,0,114,19,male
339,3,0,115,18,male
340,1,0,280,33,female
340,2,0,488,41,male
340,2,1,488,46,male
340,2,2,488,51,male
340,2,3,488,58,male
340,2,4,488,63,male
340,4,0,12,56,male
341,2,0,485,37,female
342,4,0,488,43,male
342,4,0,8,48,male
342,4,1,488,48,male
342,4,2,488,53,male
342,5,3,488,58,male
342,5,4,488,63,male
343,1,0,103,18,
343,1,0,189,27,
343,1,0,86,21,
343,1,13,294,29,
343,1,14,294,29,
343,1,19,294,32,
343,1,23,294,32,
343,1,4,294,28,
343,1,5,294,28,
343,2,0,293,20,
343,2,0,85,22,
343,3,0,86,21,
344,1,0,410,45,
344,1,0,414,43,
344,1,0,477,41,
344,1,3,219,43,
344,2,0,304,75,
344,2,0,415,43,
344,2,1,477,49,
344,2,3,477,59,
344,2,4,477,64,
344,3,2,477,54,
346,4,0,304,76,male
348,5,0,304,76,male
349,1,0,481,39,female
349,2,0,481,39,female
349,3,0,166,26,male
350,6,0,12,58,male
351,1,0,181,30,female
351,1,0,214,31,female
352,1,0,192,29,female
352,1,0,276,33,male
352,1,0,390,24,male
352,1,0,413,42,male
352,1,0,445,23,male
352,1,1,192,35,female
352,1,2,192,38,female
352,1,3,192,41,female
352,1,4,168,39,male
352,1,4,192,44,female
353,1,0,317,32,female
353,2,0,191,29,female
353,2,0,204,30,female
354,1,0,400,41,female
354,1,0,404,41,male
354,2,0,9,49,female
354,2,4,142,34,male
354,4,0,9,49,female
355,1,0,191,29,female
355,1,0,204,30,female
355,1,4,319,42,female
356,1,0,9,48,female
356,2,0,423,43,male
356,5,0,9,51,female
357,1,0,227,33,male
357,1,0,278,34,male
357,1,0,463,30,male
357,1,12,17,31,male
357,1,12,18,31,female
357,2,0,173,25,male
357,2,0,464,29,female
357,2,1,464,38,male
357,2,2,464,43,male
357,2,3,464,49,male
357,2,4,464,54,male
357,3,0,195,25,male
357,3,0,412,42,female
357,3,0,459,27,male
358,1,0,401,41,female
359,1,0,201,27,female
359,2,0,420,43,female
359,5,0,8,49,male
362,2,0,10,50,female
362,4,0,10,52,female
363,1,0,254,33,male
363,1,0,262,34,male
363,1,0,3,25,male
363,2,0,234,33,female
363,2,0,260,33,female
363,2,0,292,33,male
364,1,0,10,50,female
364,1,0,283,34,male
364,3,0,10,52,female
364,3,0,488,43,male
365,3,1,488,48,male
365,3,2,488,53,male
365,4,3,488,58,male
365,4,4,488,63,male
365,5,0,10,53,female
366,1,0,485,35,female
370,1,0,226,34,female
370,1,0,236,33,female
370,1,0,267,34,female
370,1,0,284,33,female
370,1,0,327,45,female
370,1,0,479,40,female
370,1,0,480,39,female
370,1,0,488,41,female
370,1,2,1,36,female
370,1,3,1,38,female
370,1,4,1,40,female
370,1,4,219,45,female
370,2,0,236,33,female
370,2,0,284,33,female
370,2,0,327,45,female
370,2,0,480,39,female
371,1,0,289,34,male
371,1,3,303,46,male
372,1,0,11,52,male
372,3,4,303,49,male
373,5,0,11,55,male
375,1,1,304,42,
376,6,0,304,78,
38,2,0,412,42,female
40,1,0,453,26,female
41,1,1,321,32,male
41,1,10,321,36,male
41,1,11,294,29,male
41,1,15,321,31,male
41,1,16,294,29,male
41,1,17,294,31,female
41,1,18,321,32,male
41,1,19,321,32,female
41,1,21,294,32,male
41,1,22,321,27,male
41,1,24,321,27,female
41,1,5,321,14,male
41,1,6,294,29,male
41,1,7,294,29,male
41,2,16,321,31,female
41,2,2,300,24,male
41,2,25,321,26,male
41,2,3,321,30,female
41,2,5,294,28,male
41,3,0,299,30,male
41,4,2,299,22,male
42,2,0,343,34,male
42,2,12,321,35,male
42,3,1,299,40,male
43,1,0,384,16,female
43,2,0,295,19,female
43,2,0,388,15,male
44,1,0,167,26,female
44,1,0,248,34,female
44,1,1,167,30,female
44,1,2,167,33,female
44,1,3,167,36,female
44,2,0,202,26,female
44,2,1,295,25,female
44,2,2,153,28,female
44,2,2,295,28,female
44,2,3,153,31,female
44,2,3,295,31,female
44,2,4,153,34,female
45,2,4,295,40,female
55,2,4,196,41,male
58,1,2,449,41,male
58,2,3,449,46,male
59,1,4,449,51,male
60,1,1,488,46,male
61,1,2,488,50,male
61,3,3,488,56,male
63,1,0,337,16,male
63,1,0,71,15,male
64,1,0,133,26,male
64,1,0,210,30,male
64,1,0,399,41,male
64,1,0,466,36,male
64,1,0,471,36,male
64,1,1,210,34,male
64,1,1,212,33,male
64,1,2,210,37,male
64,1,2,212,38,male
64,1,3,210,40,male
64,1,3,212,41,male
64,2,0,404,41,male
64,2,0,417,42,male
64,3,0,314,26,male
64,3,0,411,42,male
65,2,4,210,43,male
65,2,4,212,45,male
66,1,0,124,19,male
66,1,0,131,24,male
66,1,0,135,9,male
66,1,0,286,32,male
66,1,0,334,43,male
66,1,0,430,13,male
66,1,0,431,13,male
66,1,0,434,16,male
66,1,0,95,19,male
66,1,2,124,29,male
66,1,2,308,28,male
66,1,3,124,31,male
66,1,3,308,30,male
66,1,4,124,33,male
66,2,0,123,18,male
66,2,0,48,24,male
66,2,0,50,12,male
66,2,0,58,11,male
66,2,0,99,17,male
66,2,1,48,30,male
66,2,2,48,32,male
66,2,3,48,34,male
66,3,0,326,16,male
67,1,0,245,34,male
67,1,0,292,33,male
67,1,1,124,27,male
67,1,1,245,37,male
67,1,4,308,33,male
67,2,0,131,28,male
67,2,0,211,30,male
67,2,0,223,33,male
67,2,0,286,32,male
67,2,0,3,25,male
67,2,0,333,44,male
67,2,0,393,26,male
67,2,1,245,37,male
67,2,2,124,29,male
67,2,2,245,39,male
67,2,3,124,31,male
67,2,3,245,41,male
67,2,4,124,33,male
67,2,4,223,45,male
67,2,4,48,36,male
67,3,0,334,43,male
67,3,1,223,36,male
67,3,2,223,39,male
67,3,2,245,39,male
67,3,3,124,31,male
67,3,3,223,42,male
67,3,3,245,41,male
67,3,4,124,33,male
68,1,1,434,33,male
68,1,2,434,38,male
68,2,0,228,33,male
68,2,3,434,43,male
68,2,4,245,43,male
68,3,4,245,43,male
68,3,4,434,48,male
72,0,0,40,25,male
72,1,0,155,16,male
72,1,0,157,25,male
72,1,0,20,15,male
72,1,0,218,33,male
72,1,0,220,33,male
72,1,0,249,31,male
72,1,0,28,26,male
72,1,0,34,11,male
72,1,0,36,24,male
72,1,0,41,24,male
72,1,0,55,12,male
72,1,0,61,25,male
72,1,0,73,11,male
72,1,1,35,24,male
72,2,0,166,20,male
72,2,0,24,10,male
72,2,0,241,31,male
72,2,0,249,31,male
72,2,0,35,7,male
72,2,0,36,24,male
72,2,0,55,12,male
72,2,1,223,36,male
72,2,2,223,39,male
72,2,3,223,42,male
72,3,0,41,24,male
72,3,0,48,24,male
72,3,0,58,11,male
72,3,0,73,11,male
72,3,1,48,30,male
72,3,2,35,26,male
72,3,2,48,32,male
73,1,0,224,34,male
73,1,0,253,35,male
73,1,0,261,33,male
73,1,0,333,44,male
73,1,0,49,26,male
73,2,0,12,55,male
73,2,0,243,34,male
73,2,0,266,33,male
73,2,0,63,25,male
73,3,3,35,30,male
73,3,3,48,34,male
73,3,4,223,45,male
73,3,4,48,36,male
73,4,4,34,35,male
74,1,0,121,18,male
74,1,0,123,18,male
74,1,0,137,8,male
74,1,0,139,8,male
74,1,0,293,20,male
74,1,0,308,21,male
74,1,0,326,16,male
74,1,0,392,22,male
74,1,0,424,10,male
74,1,0,425,8,male
74,1,0,426,8,male
74,1,0,427,12,female
74,1,0,98,16,male
74,1,1,308,26,male
74,1,1,98,24,male
74,1,2,98,27,male
74,1,3,98,30,male
74,2,0,139,8,male
74,2,0,326,16,male
74,2,0,425,8,male
74,2,0,427,12,female
74,2,0,98,17,male
74,2,1,98,24,male
74,2,2,98,27,male
74,3,0,98,16,male
74,3,1,98,24,male
75,1,0,281,33,male
75,1,4,98,33,male
75,2,0,117,20,male
75,2,0,413,42,male
75,2,3,98,30,male
75,2,4,98,33,male
75,3,0,392,22,male
75,3,2,308,28,male
75,3,2,98,27,male
75,3,3,308,30,male
75,3,3,98,30,male
75,3,4,98,33,male
76,1,1,427,32,male
76,2,2,427,37,male
76,2,3,427,42,male
76,2,4,427,47,male
76,3,4,308,33,male
76,4,4,98,33,male
77,2,1,449,36,male
77,3,2,449,41,male
78,4,3,449,46,male
78,4,4,449,51,male
79,1,1,477,48,male
79,2,2,477,53,male
79,3,3,477,58,male
81,1,0,156,15,
81,1,0,297,21,
81,1,0,338,16,
81,1,0,339,14,
81,1,0,340,16,
81,1,0,341,14,
81,1,0,72,15,
81,1,0,82,17,
81,1,1,156,25,
81,1,1,338,28,
81,1,1,340,30,
81,1,1,82,27,
81,1,2,156,28,
81,1,2,338,31,
81,1,2,340,33,
81,2,0,339,14,
81,2,0,341,14,
81,2,0,439,17,
81,3,0,342,14,
81,3,1,156,25,
81,3,2,156,28,
82,1,0,408,43,
82,1,2,82,30,
82,1,3,156,31,
82,1,3,338,34,
82,1,3,340,36,
82,1,4,156,34,
82,1,4,338,37,
82,1,4,340,39,
82,3,0,440,22,
82,3,1,440,38,
82,3,3,156,31,
82,3,4,156,34,
82,4,0,207,28,
82,4,1,301,41,
82,4,2,301,44,
82,4,2,440,43,
82,4,3,301,47,
82,4,3,440,48,
82,4,4,301,50,
82,4,5,301,53,
82,5,4,440,53,
84,1,0,130,26,female
84,1,0,144,17,male
84,1,0,147,17,female
84,1,0,150,17,female
84,1,0,459,27,male
84,1,0,462,29,male
84,1,1,144,28,male
84,1,1,147,28,female
84,1,2,144,31,male
84,1,2,147,31,female
85,1,0,417,42,male
85,1,3,144,34,male
85,1,3,147,34,female
85,1,4,144,37,male
85,1,4,147,37,female
85,2,0,130,26,female
89,2,0,408,43,male
95,3,1,427,35,male
95,4,2,427,40,male
95,4,3,427,45,male
96,1,2,477,53,male
97,1,3,477,58,male
97,1,4,477,63,male
41,1,26,294,20,male
