NDex#,TM#
63,1
63,4
63,6
63,10
63,11
63,12
63,16
63,17
63,18
63,20
63,21
63,23
63,27
63,29
63,30
63,32
63,33
63,34
63,41
63,42
63,43
63,44
63,45
63,46
63,48
63,49
359,3
359,4
359,6
359,7
359,10
359,11
359,12
359,13
359,14
359,15
359,17
359,18
359,21
359,23
359,24
359,25
359,27
359,30
359,32
359,34
359,35
359,37
359,38
359,40
359,41
359,42
359,43
359,44
359,45
359,46
359,49
142,2
142,5
142,6
142,10
142,11
142,12
142,15
142,17
142,18
142,21
142,23
142,26
142,27
142,32
142,35
142,37
142,38
142,39
142,40
142,41
142,42
142,43
142,44
142,45
142,46
142,47
306,1
306,2
306,3
306,5
306,6
306,10
306,11
306,12
306,13
306,14
306,15
306,17
306,18
306,21
306,22
306,23
306,24
306,25
306,26
306,27
306,28
306,31
306,32
306,34
306,35
306,37
306,38
306,39
306,40
306,42
306,43
306,44
306,45
190,1
190,3
190,6
190,10
190,11
190,12
190,17
190,18
190,21
190,22
190,23
190,24
190,25
190,27
190,28
190,30
190,31
190,32
190,34
190,40
190,42
190,43
190,44
190,45
190,46
190,49
65,1
65,4
65,6
65,10
65,11
65,12
65,15
65,16
65,17
65,18
65,20
65,21
65,23
65,27
65,29
65,30
65,32
65,33
65,34
65,41
65,42
65,43
65,44
65,45
65,46
65,48
65,49
334,2
334,5
334,6
334,10
334,11
334,13
334,15
334,17
334,18
334,20
334,21
334,22
334,23
334,26
334,27
334,32
334,35
334,38
334,40
334,42
334,43
334,44
334,45
334,46
334,47
181,1
181,6
181,10
181,15
181,16
181,17
181,18
181,21
181,23
181,24
181,25
181,27
181,31
181,32
181,34
181,42
181,43
181,44
181,45
347,3
347,6
347,10
347,11
347,17
347,21
347,27
347,28
347,31
347,32
347,37
347,39
347,40
347,42
347,43
347,44
347,45
24,6
24,10
24,11
24,15
24,17
24,18
24,19
24,21
24,23
24,26
24,27
24,28
24,32
24,36
24,41
24,42
24,43
24,44
24,45
24,46
24,49
59,5
59,6
59,10
59,11
59,15
59,17
59,21
59,23
59,27
59,28
59,32
59,35
59,38
59,40
59,42
59,43
59,44
59,45
59,46
59,50
168,6
168,10
168,11
168,15
168,17
168,19
168,21
168,22
168,27
168,28
168,29
168,32
168,36
168,42
168,43
168,44
168,45
168,46
348,3
348,6
348,10
348,11
348,15
348,17
348,21
348,23
348,26
348,27
348,28
348,31
348,32
348,37
348,39
348,40
348,42
348,43
348,44
348,45
304,3
304,5
304,6
304,10
304,11
304,17
304,18
304,21
304,23
304,26
304,27
304,28
304,32
304,34
304,37
304,39
304,40
304,42
304,43
304,44
304,45
144,3
144,5
144,6
144,7
144,10
144,11
144,13
144,14
144,15
144,17
144,18
144,21
144,27
144,32
144,33
144,37
144,40
144,42
144,43
144,44
144,47
184,1
184,3
184,6
184,7
184,10
184,13
184,14
184,15
184,17
184,18
184,21
184,23
184,27
184,28
184,31
184,32
184,42
184,43
184,44
184,45
298,3
298,6
298,7
298,10
298,13
298,14
298,17
298,18
298,21
298,23
298,27
298,32
298,42
298,43
298,44
298,45
371,2
371,5
371,6
371,10
371,11
371,17
371,18
371,21
371,27
371,31
371,32
371,35
371,38
371,39
371,40
371,42
371,43
371,44
371,45
343,6
343,10
343,11
343,13
343,16
343,17
343,18
343,21
343,22
343,26
343,27
343,28
343,29
343,30
343,32
343,33
343,37
343,39
343,42
343,43
343,44
343,48
354,4
354,6
354,10
354,11
354,12
354,15
354,17
354,18
354,21
354,24
354,25
354,27
354,29
354,30
354,32
354,34
354,41
354,42
354,43
354,44
354,45
354,46
354,48
354,49
339,3
339,6
339,7
339,10
339,13
339,14
339,17
339,18
339,21
339,26
339,27
339,32
339,37
339,39
339,42
339,43
339,44
339,45
153,6
153,9
153,10
153,11
153,16
153,17
153,19
153,20
153,21
153,22
153,23
153,27
153,32
153,33
153,42
153,43
153,44
153,45
267,6
267,10
267,11
267,15
267,17
267,19
267,20
267,21
267,22
267,27
267,29
267,30
267,32
267,40
267,42
267,43
267,44
267,45
267,46
15,6
15,10
15,11
15,15
15,17
15,19
15,21
15,22
15,27
15,31
15,32
15,36
15,40
15,42
15,43
15,44
15,45
15,46
182,6
182,9
182,10
182,11
182,15
182,17
182,19
182,20
182,21
182,22
182,27
182,32
182,36
182,42
182,43
182,44
182,45
69,6
69,9
69,10
69,11
69,17
69,19
69,21
69,22
69,27
69,32
69,36
69,42
69,43
69,44
69,45
69,46
9,1
9,3
9,5
9,6
9,7
9,10
9,13
9,14
9,15
9,17
9,18
9,21
9,23
9,26
9,27
9,28
9,31
9,32
9,42
9,43
9,44
9,45
257,1
257,5
257,6
257,8
257,10
257,11
257,15
257,17
257,21
257,26
257,27
257,28
257,31
257,32
257,35
257,38
257,39
257,40
257,42
257,43
257,44
257,45
257,50
242,1
242,3
242,4
242,6
242,7
242,10
242,11
242,13
242,14
242,15
242,16
242,17
242,18
242,20
242,21
242,22
242,23
242,24
242,25
242,26
242,27
242,29
242,30
242,31
242,32
242,34
242,35
242,37
242,38
242,39
242,42
242,43
242,44
242,45
242,48
242,49
286,1
286,6
286,8
286,9
286,10
286,11
286,15
286,17
286,19
286,20
286,21
286,22
286,23
286,27
286,31
286,32
286,36
286,42
286,43
286,44
286,45
286,49
1,6
1,9
1,10
1,11
1,17
1,19
1,21
1,22
1,27
1,32
1,36
1,42
1,43
1,44
1,45
12,6
12,10
12,11
12,15
12,17
12,18
12,19
12,20
12,21
12,22
12,27
12,29
12,30
12,32
12,40
12,42
12,43
12,44
12,45
12,46
12,48
331,1
331,6
331,9
331,10
331,11
331,17
331,19
331,21
331,22
331,27
331,32
331,37
331,42
331,43
331,44
331,45
332,1
332,6
332,9
332,10
332,11
332,15
332,17
332,19
332,21
332,22
332,27
332,32
332,37
332,42
332,43
332,44
332,45
323,5
323,6
323,10
323,11
323,15
323,17
323,21
323,26
323,27
323,28
323,32
323,35
323,37
323,38
323,39
323,42
323,43
323,44
323,45
323,50
318,3
318,6
318,7
318,10
318,12
318,13
318,14
318,17
318,18
318,21
318,27
318,32
318,41
318,42
318,43
318,44
318,45
318,46
351,3
351,6
351,7
351,10
351,11
351,13
351,14
351,17
351,18
351,21
351,22
351,24
351,25
351,27
351,30
351,32
351,34
351,35
351,37
351,38
351,42
351,43
351,44
351,45
351,46
251,3
251,4
251,6
251,10
251,11
251,15
251,16
251,17
251,18
251,19
251,20
251,21
251,22
251,27
251,29
251,30
251,32
251,33
251,34
251,37
251,40
251,42
251,43
251,44
251,48
113,1
113,3
113,4
113,6
113,7
113,10
113,11
113,13
113,14
113,15
113,16
113,17
113,18
113,20
113,21
113,22
113,23
113,24
113,25
113,26
113,27
113,29
113,30
113,31
113,32
113,34
113,35
113,37
113,38
113,39
113,42
113,43
113,44
113,45
113,48
113,49
6,1
6,2
6,5
6,6
6,10
6,11
6,15
6,17
6,21
6,23
6,26
6,27
6,28
6,31
6,32
6,35
6,38
6,40
6,42
6,43
6,44
6,45
6,47
6,50
4,1
4,2
4,6
4,10
4,11
4,17
4,21
4,23
4,27
4,28
4,31
4,32
4,35
4,38
4,40
4,42
4,43
4,44
4,45
4,50
5,1
5,2
5,6
5,10
5,11
5,17
5,21
5,23
5,27
5,28
5,31
5,32
5,35
5,38
5,40
5,42
5,43
5,44
5,45
5,50
152,6
152,9
152,10
152,11
152,16
152,17
152,19
152,20
152,21
152,22
152,23
152,27
152,32
152,33
152,42
152,43
152,44
152,45
358,4
358,6
358,10
358,11
358,12
358,16
358,17
358,18
358,20
358,21
358,27
358,29
358,30
358,32
358,33
358,34
358,41
358,42
358,43
358,44
358,45
358,48
358,49
170,3
170,6
170,7
170,10
170,13
170,14
170,17
170,18
170,21
170,24
170,25
170,27
170,32
170,34
170,42
170,43
170,44
170,45
366,3
366,6
366,7
366,10
366,13
366,14
366,17
366,18
366,21
366,27
366,32
366,42
366,43
366,44
366,45
344,6
344,10
344,11
344,13
344,15
344,16
344,17
344,18
344,21
344,22
344,26
344,27
344,28
344,29
344,30
344,32
344,33
344,37
344,39
344,42
344,43
344,44
344,48
36,1
36,3
36,4
36,6
36,10
36,11
36,13
36,14
36,15
36,16
36,17
36,18
36,20
36,21
36,22
36,23
36,24
36,25
36,27
36,28
36,29
36,30
36,31
36,32
36,33
36,34
36,35
36,38
36,42
36,43
36,44
36,45
36,49
35,1
35,3
35,4
35,6
35,10
35,11
35,13
35,14
35,16
35,17
35,18
35,20
35,21
35,22
35,23
35,24
35,25
35,27
35,28
35,29
35,30
35,31
35,32
35,33
35,34
35,35
35,38
35,42
35,43
35,44
35,45
35,49
173,3
173,6
173,10
173,11
173,16
173,17
173,18
173,20
173,21
173,22
173,23
173,27
173,28
173,29
173,30
173,32
173,33
173,34
173,35
173,38
173,42
173,43
173,44
173,45
91,3
91,6
91,7
91,10
91,13
91,14
91,15
91,17
91,18
91,21
91,27
91,32
91,41
91,42
91,43
91,44
91,45
256,1
256,6
256,8
256,10
256,11
256,17
256,21
256,27
256,28
256,31
256,32
256,35
256,38
256,39
256,40
256,42
256,43
256,44
256,45
256,50
341,3
341,6
341,7
341,10
341,12
341,13
341,14
341,17
341,18
341,21
341,27
341,28
341,31
341,32
341,36
341,39
341,40
341,42
341,43
341,44
341,45
222,3
222,4
222,6
222,7
222,10
222,11
222,13
222,14
222,16
222,17
222,18
222,20
222,21
222,26
222,27
222,28
222,29
222,30
222,32
222,33
222,37
222,39
222,42
222,43
222,44
222,45
346,6
346,9
346,10
346,11
346,15
346,17
346,19
346,21
346,22
346,26
346,27
346,32
346,36
346,37
346,39
346,42
346,43
346,44
346,45
342,3
342,6
342,7
342,10
342,12
342,13
342,14
342,15
342,17
342,18
342,21
342,27
342,28
342,31
342,32
342,36
342,39
342,40
342,42
342,43
342,44
342,45
169,6
169,10
169,11
169,12
169,15
169,17
169,18
169,19
169,21
169,27
169,30
169,32
169,36
169,40
169,41
169,42
169,43
169,44
169,45
169,46
169,47
169,49
159,1
159,3
159,5
159,6
159,7
159,10
159,13
159,14
159,17
159,18
159,21
159,23
159,27
159,28
159,31
159,32
159,40
159,42
159,43
159,44
159,45
104,1
104,6
104,10
104,11
104,13
104,14
104,17
104,21
104,23
104,26
104,27
104,28
104,31
104,32
104,35
104,37
104,38
104,39
104,40
104,42
104,43
104,44
104,45
104,46
155,6
155,10
155,11
155,17
155,21
155,27
155,28
155,32
155,35
155,38
155,40
155,42
155,43
155,44
155,45
155,50
301,3
301,4
301,6
301,10
301,11
301,13
301,14
301,15
301,17
301,18
301,20
301,21
301,22
301,23
301,24
301,25
301,27
301,28
301,30
301,32
301,34
301,42
301,43
301,44
301,45
225,1
225,3
225,6
225,7
225,10
225,13
225,14
225,17
225,18
225,21
225,27
225,32
225,40
225,42
225,43
225,44
225,45
225,46
386,1
386,3
386,4
386,6
386,10
386,11
386,12
386,13
386,15
386,16
386,17
386,18
386,20
386,21
386,22
386,24
386,25
386,27
386,29
386,30
386,31
386,32
386,33
386,34
386,39
386,40
386,41
386,42
386,43
386,44
386,48
386,49
87,3
87,6
87,7
87,10
87,13
87,14
87,15
87,17
87,18
87,20
87,21
87,27
87,32
87,42
87,43
87,44
87,45
87,46
50,6
50,10
50,11
50,17
50,21
50,26
50,27
50,28
50,32
50,36
50,39
50,40
50,42
50,43
50,44
50,45
50,46
85,6
85,10
85,11
85,12
85,15
85,17
85,21
85,27
85,32
85,40
85,41
85,42
85,43
85,44
85,45
85,46
85,47
84,6
84,10
84,11
84,17
84,21
84,27
84,32
84,40
84,42
84,43
84,44
84,45
84,46
84,47
232,5
232,6
232,10
232,11
232,15
232,17
232,21
232,23
232,26
232,27
232,32
232,37
232,39
232,42
232,43
232,44
232,45
148,3
148,6
148,7
148,10
148,11
148,13
148,14
148,15
148,17
148,18
148,20
148,21
148,23
148,24
148,25
148,27
148,32
148,34
148,35
148,38
148,42
148,43
148,44
148,45
149,1
149,2
149,3
149,5
149,6
149,7
149,10
149,11
149,13
149,14
149,15
149,17
149,18
149,20
149,21
149,23
149,24
149,25
149,26
149,27
149,31
149,32
149,34
149,35
149,37
149,38
149,39
149,40
149,42
149,43
149,44
149,45
149,47
147,3
147,6
147,7
147,10
147,11
147,13
147,14
147,15
147,17
147,18
147,20
147,21
147,23
147,24
147,25
147,27
147,32
147,34
147,35
147,38
147,42
147,43
147,44
147,45
96,1
96,4
96,6
96,10
96,11
96,12
96,16
96,17
96,18
96,20
96,21
96,27
96,29
96,30
96,31
96,32
96,33
96,41
96,42
96,43
96,44
96,45
96,46
96,48
96,49
51,6
51,10
51,11
51,15
51,17
51,21
51,26
51,27
51,28
51,32
51,36
51,39
51,40
51,42
51,43
51,44
51,45
51,46
206,3
206,4
206,6
206,10
206,11
206,13
206,14
206,17
206,18
206,21
206,22
206,23
206,24
206,25
206,26
206,27
206,28
206,30
206,32
206,34
206,35
206,38
206,39
206,42
206,43
206,44
206,45
206,46
356,1
356,4
356,6
356,10
356,11
356,12
356,13
356,14
356,15
356,17
356,18
356,21
356,26
356,27
356,29
356,30
356,32
356,39
356,41
356,42
356,43
356,44
356,45
356,46
356,48
356,49
355,4
355,6
355,10
355,11
355,12
355,13
355,14
355,17
355,18
355,21
355,27
355,29
355,30
355,32
355,41
355,42
355,43
355,44
355,45
355,46
355,48
355,49
269,6
269,10
269,11
269,15
269,16
269,17
269,19
269,21
269,22
269,27
269,29
269,30
269,32
269,36
269,40
269,42
269,43
269,44
269,45
269,46
133,6
133,10
133,11
133,17
133,18
133,21
133,23
133,27
133,28
133,30
133,32
133,42
133,43
133,44
133,45
23,6
23,10
23,11
23,17
23,18
23,19
23,21
23,23
23,26
23,27
23,28
23,32
23,36
23,41
23,42
23,43
23,44
23,45
23,46
23,49
125,1
125,6
125,10
125,15
125,16
125,17
125,18
125,21
125,23
125,24
125,25
125,27
125,29
125,31
125,32
125,34
125,42
125,43
125,44
125,45
125,46
309,5
309,6
309,10
309,17
309,18
309,21
309,23
309,24
309,25
309,27
309,32
309,34
309,42
309,43
309,44
309,45
309,46
101,6
101,10
101,12
101,15
101,16
101,17
101,18
101,21
101,24
101,25
101,27
101,32
101,34
101,41
101,42
101,43
101,44
101,46
239,1
239,6
239,10
239,16
239,17
239,18
239,21
239,24
239,25
239,27
239,29
239,31
239,32
239,34
239,42
239,43
239,44
239,45
239,46
244,4
244,5
244,6
244,10
244,11
244,15
244,17
244,18
244,21
244,22
244,23
244,27
244,28
244,32
244,33
244,35
244,37
244,38
244,42
244,43
244,44
196,4
196,6
196,10
196,11
196,15
196,16
196,17
196,18
196,21
196,23
196,27
196,28
196,29
196,30
196,32
196,33
196,42
196,43
196,44
196,45
196,48
102,6
102,9
102,10
102,11
102,16
102,17
102,19
102,21
102,22
102,27
102,29
102,32
102,33
102,36
102,42
102,43
102,44
102,45
102,46
102,48
103,6
103,9
103,10
103,11
103,15
103,16
103,17
103,19
103,21
103,22
103,27
103,29
103,32
103,33
103,36
103,42
103,43
103,44
103,45
103,46
103,48
295,3
295,5
295,6
295,10
295,11
295,12
295,13
295,14
295,15
295,17
295,18
295,21
295,22
295,26
295,27
295,30
295,31
295,32
295,34
295,35
295,38
295,41
295,42
295,43
295,44
295,45
295,50
83,6
83,10
83,11
83,17
83,21
83,23
83,27
83,32
83,40
83,42
83,43
83,44
83,45
83,46
83,47
22,6
22,10
22,11
22,15
22,17
22,18
22,21
22,27
22,32
22,40
22,42
22,43
22,44
22,45
22,46
22,47
349,3
349,6
349,7
349,10
349,13
349,14
349,17
349,18
349,21
349,27
349,32
349,42
349,43
349,44
349,45
160,1
160,2
160,3
160,5
160,6
160,7
160,10
160,13
160,14
160,15
160,17
160,18
160,21
160,23
160,26
160,27
160,28
160,31
160,32
160,40
160,42
160,43
160,44
160,45
180,1
180,6
180,10
180,16
180,17
180,18
180,21
180,23
180,24
180,25
180,27
180,31
180,32
180,34
180,42
180,43
180,44
180,45
136,5
136,6
136,10
136,11
136,15
136,17
136,18
136,21
136,23
136,27
136,28
136,30
136,32
136,35
136,38
136,42
136,43
136,44
136,45
136,50
330,2
330,6
330,10
330,11
330,15
330,17
330,19
330,21
330,22
330,23
330,26
330,27
330,28
330,32
330,35
330,37
330,38
330,39
330,42
330,43
330,44
330,45
330,47
205,6
205,10
205,11
205,15
205,16
205,17
205,19
205,21
205,22
205,26
205,27
205,28
205,32
205,33
205,37
205,42
205,43
205,44
205,45
162,1
162,3
162,6
162,10
162,11
162,13
162,14
162,15
162,17
162,18
162,21
162,22
162,23
162,24
162,25
162,27
162,28
162,30
162,31
162,32
162,34
162,35
162,42
162,43
162,44
162,45
162,46
282,4
282,6
282,10
282,11
282,12
282,15
282,16
282,17
282,18
282,20
282,21
282,24
282,27
282,29
282,30
282,32
282,33
282,34
282,41
282,42
282,43
282,44
282,45
282,46
282,48
282,49
92,6
92,10
92,11
92,12
92,17
92,18
92,19
92,21
92,24
92,27
92,29
92,30
92,32
92,36
92,41
92,42
92,43
92,44
92,45
92,46
92,48
92,49
94,1
94,6
94,10
94,11
94,12
94,15
94,17
94,18
94,19
94,21
94,24
94,25
94,27
94,29
94,30
94,31
94,32
94,36
94,41
94,42
94,43
94,44
94,45
94,46
94,48
94,49
74,1
74,6
74,10
74,11
74,17
74,21
74,26
74,27
74,28
74,31
74,32
74,35
74,37
74,38
74,39
74,42
74,43
74,44
74,45
203,4
203,6
203,10
203,11
203,16
203,17
203,18
203,21
203,23
203,24
203,25
203,26
203,27
203,29
203,30
203,32
203,33
203,34
203,42
203,43
203,44
203,45
203,46
203,48
362,3
362,6
362,7
362,10
362,12
362,13
362,14
362,15
362,16
362,17
362,18
362,20
362,21
362,26
362,27
362,30
362,32
362,41
362,42
362,43
362,44
362,45
207,6
207,10
207,11
207,17
207,18
207,21
207,23
207,26
207,27
207,28
207,32
207,36
207,37
207,39
207,40
207,42
207,43
207,44
207,45
207,46
207,47
44,6
44,9
44,10
44,11
44,17
44,19
44,21
44,22
44,27
44,32
44,36
44,42
44,43
44,44
44,45
42,6
42,10
42,11
42,12
42,15
42,17
42,18
42,19
42,21
42,27
42,30
42,32
42,36
42,40
42,41
42,42
42,43
42,44
42,45
42,46
42,47
42,49
118,3
118,6
118,7
118,10
118,13
118,14
118,17
118,18
118,21
118,27
118,32
118,42
118,43
118,44
118,45
55,1
55,3
55,4
55,6
55,7
55,10
55,13
55,14
55,15
55,17
55,18
55,21
55,23
55,27
55,28
55,31
55,32
55,40
55,42
55,43
55,44
55,45
76,1
76,5
76,6
76,10
76,11
76,15
76,17
76,21
76,26
76,27
76,28
76,31
76,32
76,35
76,37
76,38
76,39
76,42
76,43
76,44
76,45
368,3
368,6
368,7
368,10
368,13
368,14
368,15
368,17
368,18
368,20
368,21
368,27
368,29
368,30
368,32
368,42
368,43
368,44
368,45
210,1
210,3
210,5
210,6
210,8
210,10
210,11
210,12
210,15
210,17
210,18
210,21
210,22
210,23
210,24
210,25
210,26
210,27
210,28
210,30
210,31
210,32
210,34
210,35
210,36
210,38
210,39
210,41
210,42
210,43
210,44
210,45
210,46
210,50
75,1
75,6
75,10
75,11
75,17
75,21
75,26
75,27
75,28
75,31
75,32
75,35
75,37
75,38
75,39
75,42
75,43
75,44
75,45
88,6
88,10
88,11
88,12
88,17
88,18
88,19
88,21
88,24
88,25
88,27
88,28
88,32
88,34
88,35
88,36
88,38
88,39
88,41
88,42
88,43
88,44
88,45
88,46
383,2
383,5
383,6
383,8
383,10
383,11
383,15
383,17
383,20
383,21
383,22
383,23
383,24
383,25
383,26
383,27
383,28
383,31
383,32
383,34
383,35
383,37
383,38
383,39
383,40
383,42
383,43
383,44
383,50
253,1
253,6
253,9
253,10
253,11
253,17
253,19
253,20
253,21
253,22
253,23
253,27
253,28
253,31
253,32
253,39
253,40
253,42
253,43
253,44
253,45
58,5
58,6
58,10
58,11
58,17
58,21
58,23
58,27
58,28
58,32
58,35
58,38
58,40
58,42
58,43
58,44
58,45
58,46
58,50
326,1
326,4
326,6
326,10
326,11
326,12
326,15
326,16
326,17
326,18
326,21
326,23
326,27
326,29
326,30
326,32
326,33
326,34
326,41
326,42
326,43
326,44
326,45
326,46
326,48
326,49
316,3
316,6
316,9
316,10
316,11
316,13
316,17
316,18
316,19
316,21
316,22
316,27
316,30
316,32
316,34
316,36
316,42
316,43
316,44
316,45
316,49
130,3
130,5
130,6
130,7
130,10
130,12
130,13
130,14
130,15
130,17
130,18
130,21
130,24
130,25
130,26
130,27
130,32
130,35
130,37
130,38
130,41
130,42
130,43
130,44
130,45
297,1
297,6
297,8
297,10
297,11
297,15
297,17
297,18
297,21
297,26
297,27
297,28
297,31
297,32
297,39
297,42
297,43
297,44
297,45
93,6
93,10
93,11
93,12
93,17
93,18
93,19
93,21
93,24
93,27
93,29
93,30
93,32
93,36
93,41
93,42
93,43
93,44
93,45
93,46
93,48
93,49
214,1
214,6
214,8
214,10
214,11
214,15
214,17
214,18
214,21
214,26
214,27
214,28
214,31
214,32
214,39
214,42
214,43
214,44
214,45
214,46
107,1
107,6
107,8
107,10
107,11
107,17
107,18
107,21
107,26
107,27
107,31
107,32
107,39
107,42
107,43
107,44
107,45
107,46
106,1
106,6
106,8
106,10
106,11
106,17
106,18
106,21
106,26
106,27
106,31
106,32
106,39
106,42
106,43
106,44
106,45
106,46
237,6
237,8
237,10
237,11
237,17
237,18
237,21
237,26
237,27
237,28
237,31
237,32
237,37
237,42
237,43
237,44
237,45
237,46
250,4
250,5
250,6
250,10
250,11
250,15
250,16
250,17
250,18
250,19
250,20
250,21
250,22
250,24
250,25
250,26
250,27
250,29
250,30
250,32
250,33
250,34
250,35
250,37
250,38
250,40
250,42
250,43
250,44
250,47
250,50
163,6
163,10
163,11
163,17
163,18
163,21
163,27
163,29
163,30
163,32
163,33
163,40
163,42
163,43
163,44
163,45
163,46
163,47
187,6
187,9
187,10
187,11
187,17
187,19
187,21
187,22
187,27
187,32
187,40
187,42
187,43
187,44
187,45
116,3
116,6
116,7
116,10
116,13
116,14
116,17
116,18
116,21
116,27
116,32
116,42
116,43
116,44
116,45
229,5
229,6
229,10
229,11
229,12
229,15
229,17
229,21
229,22
229,23
229,27
229,30
229,32
229,35
229,36
229,38
229,41
229,42
229,43
229,44
229,45
229,46
229,49
229,50
228,5
228,6
228,10
228,11
228,12
228,17
228,21
228,22
228,23
228,27
228,30
228,32
228,35
228,36
228,38
228,41
228,42
228,43
228,44
228,45
228,46
228,49
228,50
367,3
367,6
367,7
367,10
367,13
367,14
367,15
367,17
367,18
367,21
367,27
367,32
367,39
367,42
367,43
367,44
367,45
367,49
97,1
97,4
97,6
97,10
97,11
97,12
97,15
97,16
97,17
97,18
97,20
97,21
97,27
97,29
97,30
97,31
97,32
97,33
97,41
97,42
97,43
97,44
97,45
97,46
97,48
97,49
174,3
174,6
174,10
174,11
174,16
174,17
174,18
174,20
174,21
174,22
174,27
174,28
174,29
174,30
174,32
174,33
174,34
174,35
174,38
174,42
174,43
174,44
174,45
314,1
314,3
314,6
314,10
314,11
314,16
314,17
314,18
314,19
314,21
314,22
314,24
314,25
314,27
314,30
314,31
314,32
314,34
314,40
314,42
314,43
314,44
314,45
314,46
2,6
2,9
2,10
2,11
2,17
2,19
2,21
2,22
2,27
2,32
2,36
2,42
2,43
2,44
2,45
39,1
39,3
39,6
39,10
39,11
39,13
39,14
39,16
39,17
39,18
39,20
39,21
39,22
39,24
39,25
39,27
39,28
39,29
39,30
39,31
39,32
39,33
39,34
39,35
39,38
39,42
39,43
39,44
39,45
39,49
385,3
385,4
385,6
385,10
385,11
385,15
385,16
385,17
385,18
385,20
385,21
385,24
385,25
385,27
385,29
385,30
385,32
385,33
385,34
385,37
385,40
385,42
385,43
385,44
385,48
135,5
135,6
135,10
135,11
135,15
135,17
135,18
135,21
135,23
135,24
135,25
135,27
135,28
135,30
135,32
135,34
135,42
135,43
135,44
135,45
189,6
189,9
189,10
189,11
189,15
189,17
189,19
189,21
189,22
189,27
189,32
189,40
189,42
189,43
189,44
189,45
124,1
124,3
124,4
124,6
124,7
124,10
124,12
124,13
124,14
124,15
124,16
124,17
124,18
124,21
124,27
124,29
124,30
124,31
124,32
124,33
124,41
124,42
124,43
124,44
124,45
124,46
124,48
140,3
140,6
140,7
140,10
140,13
140,14
140,17
140,18
140,19
140,21
140,27
140,28
140,32
140,37
140,39
140,40
140,42
140,43
140,44
140,45
140,46
141,3
141,6
141,7
141,10
141,13
141,14
141,15
141,17
141,18
141,19
141,21
141,27
141,28
141,31
141,32
141,37
141,39
141,40
141,42
141,43
141,44
141,45
141,46
64,1
64,4
64,6
64,10
64,11
64,12
64,16
64,17
64,18
64,20
64,21
64,23
64,27
64,29
64,30
64,32
64,33
64,34
64,41
64,42
64,43
64,44
64,45
64,46
64,48
64,49
115,1
115,3
115,5
115,6
115,7
115,10
115,11
115,13
115,14
115,15
115,17
115,18
115,21
115,22
115,23
115,24
115,25
115,26
115,27
115,28
115,30
115,31
115,32
115,34
115,35
115,37
115,38
115,39
115,40
115,42
115,43
115,44
115,45
115,46
352,1
352,3
352,6
352,10
352,11
352,13
352,14
352,17
352,18
352,21
352,22
352,23
352,24
352,25
352,27
352,28
352,30
352,31
352,32
352,34
352,35
352,38
352,39
352,40
352,42
352,43
352,44
352,45
352,46
352,48
352,49
230,3
230,6
230,7
230,10
230,13
230,14
230,15
230,17
230,18
230,21
230,27
230,32
230,42
230,43
230,44
230,45
99,3
99,6
99,7
99,10
99,13
99,14
99,15
99,17
99,18
99,21
99,27
99,28
99,32
99,39
99,42
99,43
99,44
99,45
99,46
281,4
281,6
281,10
281,11
281,12
281,16
281,17
281,18
281,20
281,21
281,24
281,27
281,29
281,30
281,32
281,33
281,34
281,41
281,42
281,43
281,44
281,45
281,46
281,48
281,49
109,6
109,10
109,11
109,12
109,17
109,18
109,21
109,24
109,25
109,27
109,30
109,32
109,34
109,35
109,36
109,38
109,41
109,42
109,43
109,44
109,45
109,46
98,3
98,6
98,7
98,10
98,13
98,14
98,17
98,18
98,21
98,27
98,28
98,32
98,39
98,42
98,43
98,44
98,45
98,46
382,3
382,4
382,5
382,6
382,7
382,10
382,13
382,14
382,15
382,17
382,18
382,20
382,21
382,24
382,25
382,26
382,27
382,31
382,32
382,34
382,39
382,42
382,43
382,44
305,3
305,5
305,6
305,10
305,11
305,17
305,18
305,21
305,23
305,26
305,27
305,28
305,32
305,34
305,37
305,39
305,40
305,42
305,43
305,44
305,45
171,3
171,6
171,7
171,10
171,13
171,14
171,15
171,17
171,18
171,21
171,24
171,25
171,27
171,32
171,34
171,42
171,43
171,44
171,45
131,3
131,5
131,6
131,7
131,10
131,13
131,14
131,15
131,17
131,18
131,20
131,21
131,23
131,24
131,25
131,27
131,29
131,32
131,34
131,42
131,43
131,44
131,45
246,6
246,10
246,11
246,12
246,15
246,17
246,18
246,21
246,26
246,27
246,28
246,31
246,32
246,37
246,41
246,42
246,43
246,44
246,45
380,2
380,3
380,4
380,5
380,6
380,10
380,11
380,13
380,15
380,16
380,17
380,18
380,20
380,21
380,22
380,24
380,25
380,26
380,27
380,29
380,30
380,32
380,33
380,34
380,37
380,40
380,42
380,43
380,44
380,45
380,47
381,2
381,3
381,4
381,5
381,6
381,10
381,11
381,13
381,15
381,16
381,17
381,18
381,20
381,21
381,22
381,24
381,25
381,26
381,27
381,29
381,30
381,32
381,33
381,34
381,37
381,40
381,42
381,43
381,44
381,45
381,47
166,1
166,6
166,10
166,11
166,15
166,16
166,17
166,19
166,20
166,21
166,22
166,27
166,28
166,31
166,32
166,33
166,40
166,42
166,43
166,44
166,45
166,46
165,1
165,6
165,10
165,11
165,16
165,17
165,19
165,20
165,21
165,22
165,27
165,28
165,31
165,32
165,33
165,40
165,42
165,43
165,44
165,45
165,46
108,1
108,3
108,6
108,10
108,11
108,13
108,14
108,15
108,17
108,18
108,21
108,22
108,23
108,24
108,25
108,26
108,27
108,28
108,30
108,31
108,32
108,34
108,35
108,37
108,38
108,39
108,42
108,43
108,44
108,45
108,46
345,6
345,9
345,10
345,11
345,17
345,19
345,21
345,22
345,27
345,32
345,36
345,37
345,42
345,43
345,44
345,45
264,3
264,5
264,6
264,10
264,11
264,13
264,14
264,15
264,17
264,18
264,21
264,23
264,24
264,25
264,27
264,28
264,30
264,32
264,34
264,42
264,43
264,44
264,45
264,46
271,3
271,6
271,7
271,9
271,10
271,11
271,13
271,14
271,17
271,18
271,19
271,21
271,22
271,27
271,31
271,32
271,42
271,43
271,44
271,45
271,46
270,3
270,6
270,7
270,9
270,10
270,11
270,13
270,14
270,17
270,18
270,19
270,21
270,22
270,27
270,32
270,42
270,43
270,44
270,45
270,46
294,3
294,5
294,6
294,10
294,11
294,12
294,13
294,14
294,17
294,18
294,21
294,22
294,26
294,27
294,30
294,31
294,32
294,34
294,35
294,38
294,41
294,42
294,43
294,44
294,45
294,50
272,1
272,3
272,6
272,7
272,9
272,10
272,11
272,13
272,14
272,15
272,17
272,18
272,19
272,21
272,22
272,27
272,31
272,32
272,42
272,43
272,44
272,45
272,46
249,3
249,4
249,5
249,6
249,7
249,10
249,11
249,13
249,14
249,15
249,16
249,17
249,18
249,19
249,20
249,21
249,23
249,24
249,25
249,26
249,27
249,29
249,30
249,32
249,33
249,34
249,37
249,40
249,42
249,43
249,44
249,47
249,48
337,4
337,6
337,10
337,13
337,15
337,16
337,17
337,18
337,20
337,21
337,26
337,27
337,29
337,30
337,32
337,33
337,37
337,39
337,42
337,43
337,44
337,48
370,3
370,6
370,7
370,10
370,13
370,14
370,17
370,18
370,20
370,21
370,27
370,32
370,42
370,43
370,44
370,45
68,1
68,6
68,8
68,10
68,11
68,15
68,17
68,18
68,21
68,26
68,27
68,28
68,31
68,32
68,35
68,38
68,39
68,42
68,43
68,44
68,45
68,46
67,1
67,6
67,8
67,10
67,11
67,17
67,18
67,21
67,26
67,27
67,28
67,31
67,32
67,35
67,38
67,39
67,42
67,43
67,44
67,45
67,46
66,1
66,6
66,8
66,10
66,11
66,17
66,18
66,21
66,26
66,27
66,28
66,31
66,32
66,35
66,38
66,39
66,42
66,43
66,44
66,45
66,46
240,1
240,6
240,10
240,11
240,17
240,21
240,23
240,27
240,29
240,31
240,32
240,35
240,38
240,42
240,43
240,44
240,45
240,46
219,6
219,10
219,11
219,15
219,16
219,17
219,21
219,26
219,27
219,32
219,33
219,35
219,37
219,38
219,39
219,42
219,43
219,44
219,45
219,50
126,1
126,6
126,10
126,11
126,15
126,17
126,21
126,23
126,27
126,29
126,31
126,32
126,35
126,38
126,42
126,43
126,44
126,45
126,46
81,6
81,10
81,11
81,17
81,18
81,21
81,24
81,25
81,27
81,32
81,33
81,34
81,42
81,43
81,44
82,6
82,10
82,11
82,15
82,17
82,18
82,21
82,24
82,25
82,27
82,32
82,33
82,34
82,42
82,43
82,44
296,1
296,6
296,8
296,10
296,11
296,17
296,18
296,21
296,26
296,27
296,28
296,31
296,32
296,39
296,42
296,43
296,44
296,45
310,5
310,6
310,10
310,15
310,17
310,18
310,21
310,23
310,24
310,25
310,27
310,32
310,34
310,42
310,43
310,44
310,45
310,46
56,1
56,6
56,8
56,10
56,11
56,12
56,17
56,18
56,21
56,23
56,24
56,25
56,26
56,27
56,28
56,31
56,32
56,39
56,40
56,42
56,43
56,44
56,45
56,46
56,50
226,3
226,6
226,7
226,10
226,13
226,14
226,17
226,18
226,21
226,26
226,27
226,32
226,40
226,42
226,43
226,44
226,45
179,6
179,10
179,16
179,17
179,18
179,21
179,23
179,24
179,25
179,27
179,32
179,34
179,42
179,43
179,44
179,45
183,1
183,3
183,6
183,7
183,10
183,13
183,14
183,17
183,18
183,21
183,23
183,27
183,28
183,31
183,32
183,42
183,43
183,44
183,45
105,1
105,6
105,10
105,11
105,13
105,14
105,15
105,17
105,21
105,23
105,26
105,27
105,28
105,31
105,32
105,35
105,37
105,38
105,39
105,40
105,42
105,43
105,44
105,45
105,46
259,3
259,6
259,7
259,10
259,13
259,14
259,17
259,18
259,21
259,23
259,26
259,27
259,28
259,32
259,39
259,42
259,43
259,44
259,45
284,3
284,6
284,10
284,11
284,13
284,14
284,15
284,17
284,18
284,19
284,21
284,22
284,27
284,30
284,32
284,40
284,42
284,43
284,44
284,45
284,46
303,1
303,6
303,10
303,11
303,12
303,13
303,15
303,17
303,18
303,21
303,22
303,27
303,31
303,32
303,35
303,36
303,37
303,38
303,39
303,41
303,42
303,43
303,44
303,45
308,1
308,4
308,6
308,8
308,10
308,11
308,15
308,16
308,17
308,18
308,21
308,27
308,29
308,30
308,31
308,32
308,33
308,39
308,42
308,43
308,44
308,45
307,1
307,4
307,6
307,8
307,10
307,11
307,16
307,17
307,18
307,21
307,27
307,29
307,30
307,31
307,32
307,33
307,39
307,42
307,43
307,44
307,45
154,6
154,9
154,10
154,11
154,15
154,16
154,17
154,19
154,20
154,21
154,22
154,23
154,26
154,27
154,32
154,33
154,42
154,43
154,44
154,45
52,3
52,6
52,10
52,11
52,12
52,17
52,18
52,21
52,23
52,24
52,25
52,27
52,28
52,30
52,32
52,34
52,40
52,41
52,42
52,43
52,44
52,45
52,46
52,49
376,6
376,10
376,11
376,15
376,16
376,17
376,18
376,21
376,26
376,27
376,29
376,30
376,31
376,32
376,33
376,36
376,37
376,39
376,40
376,42
376,43
376,44
375,6
375,10
375,11
375,15
375,16
375,17
375,18
375,21
375,26
375,27
375,29
375,30
375,31
375,32
375,33
375,36
375,37
375,39
375,40
375,42
375,43
375,44
151,1
151,2
151,3
151,4
151,5
151,6
151,7
151,8
151,9
151,10
151,11
151,12
151,13
151,14
151,15
151,16
151,17
151,18
151,19
151,20
151,21
151,22
151,23
151,24
151,25
151,26
151,27
151,28
151,29
151,30
151,31
151,32
151,33
151,34
151,35
151,36
151,37
151,38
151,39
151,40
151,41
151,42
151,43
151,44
151,45
151,46
151,47
151,48
151,49
151,50
150,1
150,3
150,4
150,6
150,7
150,8
150,10
150,11
150,12
150,13
150,14
150,15
150,16
150,17
150,18
150,20
150,21
150,22
150,23
150,24
150,25
150,26
150,27
150,29
150,30
150,31
150,32
150,33
150,34
150,35
150,37
150,38
150,39
150,40
150,41
150,42
150,43
150,44
150,48
150,49
262,5
262,6
262,10
262,11
262,12
262,15
262,17
262,18
262,21
262,23
262,27
262,28
262,30
262,32
262,41
262,42
262,43
262,44
262,45
262,46
262,49
350,3
350,6
350,7
350,10
350,13
350,14
350,15
350,17
350,18
350,20
350,21
350,23
350,27
350,32
350,42
350,43
350,44
350,45
241,1
241,3
241,6
241,10
241,11
241,13
241,14
241,15
241,17
241,18
241,21
241,22
241,23
241,24
241,25
241,26
241,27
241,30
241,31
241,32
241,34
241,37
241,39
241,42
241,43
241,44
241,45
312,6
312,10
312,16
312,17
312,18
312,21
312,23
312,24
312,25
312,27
312,32
312,34
312,42
312,43
312,44
312,45
200,4
200,6
200,10
200,11
200,12
200,17
200,18
200,21
200,24
200,25
200,27
200,29
200,30
200,32
200,34
200,40
200,41
200,42
200,43
200,44
200,45
200,46
200,48
200,49
146,5
146,6
146,10
146,11
146,15
146,17
146,18
146,20
146,21
146,27
146,32
146,35
146,37
146,38
146,40
146,42
146,43
146,44
146,47
146,50
122,1
122,4
122,6
122,10
122,11
122,12
122,15
122,16
122,17
122,18
122,20
122,21
122,22
122,24
122,25
122,27
122,29
122,30
122,31
122,32
122,33
122,34
122,41
122,42
122,43
122,44
122,45
122,46
122,48
122,49
258,3
258,6
258,7
258,10
258,13
258,14
258,17
258,18
258,21
258,23
258,27
258,28
258,32
258,39
258,42
258,43
258,44
258,45
89,1
89,6
89,10
89,11
89,12
89,15
89,17
89,18
89,19
89,21
89,24
89,25
89,27
89,28
89,31
89,32
89,34
89,35
89,36
89,38
89,39
89,41
89,42
89,43
89,44
89,45
89,46
198,4
198,6
198,10
198,11
198,12
198,17
198,18
198,21
198,27
198,30
198,32
198,40
198,41
198,42
198,43
198,44
198,45
198,46
198,47
198,49
177,4
177,6
177,10
177,11
177,16
177,17
177,18
177,19
177,21
177,22
177,27
177,29
177,30
177,32
177,33
177,40
177,42
177,43
177,44
177,45
177,46
177,47
177,48
34,1
34,3
34,5
34,6
34,10
34,11
34,12
34,13
34,14
34,15
34,17
34,18
34,21
34,23
34,24
34,25
34,26
34,27
34,28
34,30
34,31
34,32
34,34
34,35
34,36
34,37
34,38
34,39
34,41
34,42
34,43
34,44
34,45
34,46
31,1
31,3
31,5
31,6
31,10
31,11
31,12
31,13
31,14
31,15
31,17
31,18
31,21
31,23
31,24
31,25
31,26
31,27
31,28
31,30
31,31
31,32
31,34
31,35
31,36
31,37
31,38
31,39
31,40
31,41
31,42
31,43
31,44
31,45
31,46
29,3
29,6
29,10
29,11
29,13
29,14
29,17
29,18
29,21
29,23
29,24
29,25
29,27
29,28
29,32
29,34
29,36
29,40
29,42
29,43
29,44
29,45
29,46
32,3
32,6
32,10
32,11
32,13
32,14
32,17
32,18
32,21
32,23
32,24
32,25
32,27
32,28
32,32
32,34
32,36
32,42
32,43
32,44
32,45
32,46
30,3
30,6
30,10
30,11
30,13
30,14
30,17
30,18
30,21
30,23
30,24
30,25
30,27
30,28
30,32
30,34
30,36
30,40
30,42
30,43
30,44
30,45
30,46
33,3
33,6
33,10
33,11
33,13
33,14
33,17
33,18
33,21
33,23
33,24
33,25
33,27
33,28
33,32
33,34
33,36
33,42
33,43
33,44
33,45
33,46
290,6
290,10
290,11
290,17
290,19
290,21
290,22
290,27
290,28
290,30
290,32
290,37
290,40
290,42
290,43
290,44
38,5
38,6
38,10
38,11
38,15
38,17
38,20
38,21
38,23
38,27
38,28
38,32
38,35
38,38
38,42
38,43
38,44
38,45
38,50
291,6
291,10
291,11
291,15
291,17
291,19
291,21
291,22
291,27
291,28
291,30
291,32
291,37
291,40
291,42
291,43
291,44
291,45
291,46
164,6
164,10
164,11
164,15
164,17
164,18
164,21
164,27
164,29
164,30
164,32
164,33
164,40
164,42
164,43
164,44
164,45
164,46
164,47
299,6
299,10
299,11
299,12
299,17
299,21
299,24
299,25
299,26
299,27
299,32
299,34
299,37
299,39
299,41
299,42
299,43
299,44
299,45
322,6
322,10
322,11
322,17
322,21
322,26
322,27
322,28
322,32
322,35
322,37
322,38
322,39
322,42
322,43
322,44
322,45
322,50
274,6
274,9
274,10
274,11
274,15
274,17
274,19
274,21
274,22
274,27
274,28
274,30
274,31
274,32
274,39
274,41
274,42
274,43
274,44
274,45
274,46
224,3
224,6
224,9
224,10
224,11
224,13
224,14
224,15
224,17
224,18
224,21
224,27
224,29
224,32
224,35
224,36
224,38
224,42
224,43
224,44
224,45
224,46
43,6
43,9
43,10
43,11
43,17
43,19
43,21
43,22
43,27
43,32
43,36
43,42
43,43
43,44
43,45
138,3
138,6
138,7
138,10
138,13
138,14
138,17
138,18
138,21
138,27
138,32
138,37
138,39
138,42
138,43
138,44
138,45
138,46
139,3
139,6
139,7
139,10
139,13
139,14
139,15
139,17
139,18
139,21
139,27
139,32
139,37
139,39
139,42
139,43
139,44
139,45
139,46
95,5
95,6
95,10
95,11
95,12
95,17
95,21
95,23
95,26
95,27
95,28
95,32
95,37
95,39
95,41
95,42
95,43
95,44
95,45
46,6
46,9
46,10
46,11
46,17
46,19
46,21
46,22
46,27
46,28
46,32
46,36
46,40
46,42
46,43
46,44
46,45
46,46
47,6
47,9
47,10
47,11
47,15
47,17
47,19
47,21
47,22
47,27
47,28
47,32
47,36
47,40
47,42
47,43
47,44
47,45
47,46
279,3
279,6
279,7
279,10
279,13
279,14
279,15
279,17
279,18
279,21
279,27
279,32
279,34
279,40
279,42
279,43
279,44
279,45
279,46
279,47
53,3
53,5
53,6
53,10
53,11
53,12
53,15
53,17
53,18
53,21
53,23
53,24
53,25
53,27
53,28
53,30
53,32
53,34
53,40
53,41
53,42
53,43
53,44
53,45
53,46
53,49
231,5
231,6
231,10
231,11
231,17
231,21
231,23
231,26
231,27
231,32
231,37
231,39
231,42
231,43
231,44
231,45
172,6
172,10
172,16
172,17
172,18
172,21
172,23
172,24
172,25
172,27
172,32
172,34
172,42
172,43
172,44
172,45
18,6
18,10
18,11
18,15
18,17
18,18
18,21
18,27
18,32
18,40
18,42
18,43
18,44
18,45
18,46
18,47
17,6
17,10
17,11
17,17
17,18
17,21
17,27
17,32
17,40
17,42
17,43
17,44
17,45
17,46
17,47
16,6
16,10
16,11
16,17
16,18
16,21
16,27
16,32
16,40
16,42
16,43
16,44
16,45
16,46
16,47
25,1
25,6
25,10
25,16
25,17
25,18
25,21
25,23
25,24
25,25
25,27
25,28
25,31
25,32
25,34
25,42
25,43
25,44
25,45
221,5
221,6
221,7
221,10
221,13
221,14
221,15
221,16
221,17
221,18
221,21
221,26
221,27
221,28
221,32
221,33
221,37
221,39
221,42
221,43
221,44
221,45
204,6
204,10
204,11
204,16
204,17
204,19
204,21
204,22
204,26
204,27
204,28
204,32
204,33
204,37
204,42
204,43
204,44
204,45
127,1
127,6
127,8
127,10
127,11
127,15
127,17
127,18
127,21
127,26
127,27
127,28
127,31
127,32
127,39
127,42
127,43
127,44
127,45
127,46
311,6
311,10
311,16
311,17
311,18
311,21
311,23
311,24
311,25
311,27
311,32
311,34
311,42
311,43
311,44
311,45
186,1
186,3
186,6
186,7
186,10
186,13
186,14
186,15
186,17
186,18
186,21
186,26
186,27
186,28
186,29
186,31
186,32
186,42
186,43
186,44
186,45
186,46
60,3
60,6
60,7
60,10
60,13
60,14
60,17
60,18
60,21
60,27
60,28
60,29
60,32
60,42
60,43
60,44
60,45
60,46
61,1
61,3
61,6
61,7
61,10
61,13
61,14
61,17
61,18
61,21
61,26
61,27
61,28
61,29
61,31
61,32
61,42
61,43
61,44
61,45
61,46
62,1
62,3
62,6
62,7
62,8
62,10
62,13
62,14
62,15
62,17
62,18
62,21
62,26
62,27
62,28
62,29
62,31
62,32
62,39
62,42
62,43
62,44
62,45
62,46
77,6
77,10
77,11
77,17
77,21
77,22
77,23
77,27
77,32
77,35
77,38
77,42
77,43
77,44
77,45
77,50
261,5
261,6
261,10
261,11
261,12
261,17
261,18
261,21
261,23
261,27
261,28
261,30
261,32
261,41
261,42
261,43
261,44
261,45
261,46
261,49
137,6
137,10
137,11
137,13
137,14
137,15
137,17
137,18
137,21
137,22
137,23
137,24
137,25
137,27
137,29
137,30
137,32
137,34
137,40
137,42
137,43
137,44
137,46
233,6
233,10
233,11
233,13
233,14
233,15
233,17
233,18
233,21
233,22
233,23
233,24
233,25
233,27
233,29
233,30
233,32
233,34
233,40
233,42
233,43
233,44
233,46
57,1
57,6
57,8
57,10
57,11
57,12
57,15
57,17
57,18
57,21
57,23
57,24
57,25
57,26
57,27
57,28
57,31
57,32
57,39
57,40
57,42
57,43
57,44
57,45
57,46
57,50
54,1
54,3
54,4
54,6
54,7
54,10
54,13
54,14
54,17
54,18
54,21
54,23
54,27
54,28
54,31
54,32
54,40
54,42
54,43
54,44
54,45
247,6
247,10
247,11
247,12
247,15
247,17
247,18
247,21
247,26
247,27
247,28
247,31
247,32
247,37
247,41
247,42
247,43
247,44
247,45
195,1
195,3
195,6
195,7
195,10
195,13
195,14
195,15
195,17
195,18
195,21
195,23
195,26
195,27
195,28
195,31
195,32
195,36
195,37
195,39
195,42
195,43
195,44
195,45
156,1
156,5
156,6
156,10
156,11
156,17
156,21
156,27
156,28
156,31
156,32
156,35
156,38
156,40
156,42
156,43
156,44
156,45
156,50
211,3
211,6
211,7
211,10
211,13
211,14
211,17
211,18
211,21
211,27
211,30
211,32
211,34
211,36
211,42
211,43
211,44
211,45
26,1
26,6
26,10
26,15
26,16
26,17
26,18
26,21
26,23
26,24
26,25
26,27
26,28
26,31
26,32
26,34
26,42
26,43
26,44
26,45
26,46
243,4
243,5
243,6
243,10
243,11
243,15
243,17
243,18
243,21
243,23
243,24
243,25
243,27
243,28
243,32
243,33
243,34
243,37
243,42
243,43
243,44
280,4
280,6
280,10
280,11
280,12
280,16
280,17
280,18
280,20
280,21
280,24
280,27
280,29
280,30
280,32
280,33
280,34
280,41
280,42
280,43
280,44
280,45
280,46
280,48
280,49
78,6
78,10
78,11
78,15
78,17
78,21
78,22
78,23
78,27
78,32
78,35
78,38
78,42
78,43
78,44
78,45
78,50
20,5
20,6
20,10
20,11
20,12
20,13
20,14
20,15
20,17
20,18
20,21
20,23
20,24
20,25
20,27
20,28
20,30
20,32
20,34
20,42
20,43
20,44
20,45
20,46
19,6
19,10
19,11
19,12
19,13
19,14
19,17
19,18
19,21
19,23
19,24
19,25
19,27
19,28
19,30
19,32
19,34
19,42
19,43
19,44
19,45
19,46
384,2
384,3
384,5
384,6
384,8
384,10
384,11
384,13
384,14
384,15
384,17
384,18
384,21
384,22
384,23
384,24
384,25
384,26
384,27
384,31
384,32
384,34
384,35
384,37
384,38
384,40
384,42
384,43
384,44
384,50
378,1
378,6
378,7
378,10
378,13
378,14
378,15
378,17
378,18
378,20
378,21
378,24
378,25
378,26
378,27
378,31
378,32
378,34
378,42
378,43
378,44
377,1
377,6
377,10
377,11
377,15
377,17
377,20
377,21
377,24
377,25
377,26
377,27
377,28
377,31
377,32
377,34
377,37
377,39
377,42
377,43
377,44
379,1
379,6
379,10
379,11
379,15
379,17
379,18
379,20
379,21
379,24
379,25
379,26
379,27
379,31
379,32
379,34
379,37
379,39
379,40
379,42
379,43
379,44
369,3
369,4
369,6
369,7
369,10
369,13
369,14
369,15
369,17
369,18
369,20
369,21
369,26
369,27
369,32
369,37
369,39
369,42
369,43
369,44
369,45
223,3
223,6
223,10
223,11
223,13
223,14
223,15
223,17
223,18
223,21
223,27
223,29
223,32
223,35
223,38
223,42
223,43
223,44
223,45
223,46
112,1
112,5
112,6
112,10
112,11
112,13
112,14
112,15
112,17
112,18
112,21
112,23
112,24
112,25
112,26
112,27
112,28
112,31
112,32
112,34
112,35
112,37
112,38
112,39
112,42
112,43
112,44
112,45
112,46
111,5
111,6
111,10
111,11
111,13
111,14
111,17
111,18
111,21
111,23
111,24
111,25
111,26
111,27
111,28
111,32
111,34
111,35
111,37
111,38
111,39
111,42
111,43
111,44
111,45
111,46
315,6
315,9
315,10
315,11
315,17
315,19
315,21
315,22
315,27
315,30
315,32
315,36
315,42
315,43
315,44
315,45
302,1
302,3
302,4
302,6
302,10
302,11
302,12
302,17
302,18
302,21
302,27
302,28
302,29
302,30
302,31
302,32
302,34
302,39
302,40
302,41
302,42
302,43
302,44
302,45
302,46
302,49
373,2
373,5
373,6
373,10
373,11
373,15
373,17
373,18
373,21
373,23
373,26
373,27
373,31
373,32
373,35
373,38
373,39
373,40
373,42
373,43
373,44
373,45
373,47
27,1
27,6
27,10
27,11
27,17
27,21
27,23
27,26
27,27
27,28
27,31
27,32
27,37
27,39
27,40
27,42
27,43
27,44
27,45
27,46
28,1
28,6
28,10
28,11
28,15
28,17
28,21
28,23
28,26
28,27
28,28
28,31
28,32
28,37
28,39
28,40
28,42
28,43
28,44
28,45
28,46
254,1
254,2
254,5
254,6
254,9
254,10
254,11
254,15
254,17
254,19
254,20
254,21
254,22
254,23
254,26
254,27
254,28
254,31
254,32
254,39
254,40
254,42
254,43
254,44
254,45
212,6
212,10
212,11
212,15
212,17
212,18
212,21
212,27
212,32
212,37
212,40
212,42
212,43
212,44
212,45
212,46
212,47
123,6
123,10
123,11
123,15
123,17
123,18
123,21
123,27
123,32
123,40
123,42
123,43
123,44
123,45
123,46
123,47
117,3
117,6
117,7
117,10
117,13
117,14
117,15
117,17
117,18
117,21
117,27
117,32
117,42
117,43
117,44
117,45
119,3
119,6
119,7
119,10
119,13
119,14
119,15
119,17
119,18
119,21
119,27
119,32
119,42
119,43
119,44
119,45
364,3
364,5
364,6
364,7
364,10
364,13
364,14
364,17
364,18
364,21
364,23
364,26
364,27
364,32
364,39
364,42
364,43
364,44
364,45
273,6
273,9
273,10
273,11
273,17
273,19
273,21
273,22
273,27
273,28
273,30
273,32
273,42
273,43
273,44
273,45
86,3
86,6
86,7
86,10
86,13
86,14
86,17
86,18
86,20
86,21
86,27
86,32
86,42
86,43
86,44
86,45
86,46
161,1
161,3
161,6
161,10
161,11
161,13
161,17
161,18
161,21
161,22
161,23
161,24
161,27
161,28
161,30
161,31
161,32
161,34
161,35
161,42
161,43
161,44
161,45
161,46
336,6
336,10
336,11
336,12
336,17
336,18
336,19
336,21
336,23
336,26
336,27
336,28
336,32
336,35
336,36
336,42
336,43
336,44
336,45
336,46
336,49
319,3
319,5
319,6
319,7
319,10
319,12
319,13
319,14
319,15
319,17
319,18
319,21
319,26
319,27
319,32
319,39
319,41
319,42
319,43
319,44
319,45
319,46
292,6
292,10
292,11
292,15
292,17
292,19
292,21
292,22
292,27
292,28
292,30
292,32
292,37
292,40
292,42
292,43
292,44
292,46
372,2
372,5
372,6
372,10
372,11
372,17
372,18
372,21
372,27
372,31
372,32
372,35
372,38
372,39
372,40
372,42
372,43
372,44
372,45
90,3
90,6
90,7
90,10
90,13
90,14
90,17
90,18
90,21
90,27
90,32
90,42
90,43
90,44
90,45
275,6
275,9
275,10
275,11
275,15
275,17
275,19
275,21
275,22
275,27
275,28
275,30
275,31
275,32
275,39
275,40
275,41
275,42
275,43
275,44
275,45
275,46
285,6
285,9
285,10
285,11
285,17
285,19
285,20
285,21
285,22
285,27
285,32
285,36
285,42
285,43
285,44
285,45
285,49
213,6
213,10
213,11
213,17
213,20
213,21
213,26
213,27
213,28
213,32
213,36
213,37
213,39
213,42
213,43
213,44
213,45
353,4
353,6
353,10
353,11
353,12
353,17
353,18
353,21
353,24
353,25
353,27
353,29
353,30
353,32
353,34
353,41
353,42
353,43
353,44
353,45
353,46
353,48
353,49
227,5
227,6
227,10
227,11
227,12
227,17
227,21
227,27
227,32
227,37
227,40
227,41
227,42
227,43
227,44
227,45
227,46
227,47
188,6
188,9
188,10
188,11
188,17
188,19
188,21
188,22
188,27
188,32
188,40
188,42
188,43
188,44
188,45
300,3
300,4
300,6
300,10
300,11
300,13
300,14
300,17
300,18
300,20
300,21
300,22
300,23
300,24
300,25
300,27
300,28
300,30
300,32
300,34
300,42
300,43
300,44
300,45
289,1
289,3
289,5
289,6
289,8
289,10
289,11
289,12
289,13
289,14
289,15
289,17
289,18
289,21
289,22
289,24
289,25
289,26
289,27
289,30
289,31
289,32
289,34
289,35
289,38
289,40
289,42
289,43
289,44
289,45
287,1
287,3
287,6
287,8
287,10
287,11
287,13
287,14
287,17
287,18
287,21
287,22
287,24
287,25
287,27
287,30
287,31
287,32
287,34
287,35
287,38
287,40
287,42
287,43
287,44
287,45
80,1
80,3
80,4
80,6
80,7
80,10
80,11
80,13
80,14
80,15
80,17
80,18
80,20
80,21
80,23
80,26
80,27
80,28
80,29
80,30
80,31
80,32
80,35
80,38
80,42
80,43
80,44
80,45
80,48
199,1
199,3
199,4
199,6
199,7
199,10
199,11
199,13
199,14
199,15
199,17
199,18
199,20
199,21
199,23
199,26
199,27
199,28
199,29
199,30
199,31
199,32
199,35
199,38
199,42
199,43
199,44
199,45
199,48
79,3
79,4
79,6
79,7
79,10
79,11
79,13
79,14
79,17
79,18
79,20
79,21
79,23
79,26
79,27
79,28
79,29
79,30
79,32
79,35
79,38
79,42
79,43
79,44
79,45
79,48
218,6
218,10
218,11
218,16
218,17
218,21
218,27
218,32
218,33
218,35
218,38
218,42
218,43
218,44
218,45
218,50
238,3
238,4
238,6
238,7
238,10
238,13
238,14
238,16
238,17
238,18
238,21
238,27
238,29
238,30
238,32
238,33
238,42
238,43
238,44
238,45
238,46
238,48
215,1
215,4
215,6
215,7
215,10
215,11
215,12
215,13
215,14
215,17
215,18
215,21
215,23
215,27
215,28
215,30
215,31
215,32
215,40
215,41
215,42
215,43
215,44
215,45
215,46
215,49
143,1
143,3
143,6
143,10
143,11
143,13
143,14
143,15
143,17
143,18
143,21
143,22
143,24
143,25
143,26
143,27
143,29
143,30
143,31
143,32
143,34
143,35
143,37
143,38
143,39
143,42
143,43
143,44
143,45
361,3
361,6
361,7
361,10
361,13
361,14
361,16
361,17
361,18
361,20
361,21
361,27
361,30
361,32
361,42
361,43
361,44
361,45
209,1
209,3
209,5
209,6
209,8
209,10
209,11
209,12
209,17
209,18
209,21
209,22
209,24
209,25
209,26
209,27
209,28
209,30
209,31
209,32
209,34
209,35
209,36
209,38
209,41
209,42
209,43
209,44
209,45
209,46
209,50
338,4
338,6
338,10
338,11
338,15
338,16
338,17
338,20
338,21
338,22
338,26
338,27
338,29
338,30
338,32
338,33
338,35
338,37
338,38
338,39
338,42
338,43
338,44
338,48
338,50
21,6
21,10
21,11
21,17
21,18
21,21
21,27
21,32
21,40
21,42
21,43
21,44
21,45
21,46
21,47
363,3
363,6
363,7
363,10
363,13
363,14
363,17
363,18
363,21
363,23
363,26
363,27
363,32
363,39
363,42
363,43
363,44
363,45
167,6
167,10
167,11
167,17
167,19
167,21
167,22
167,27
167,28
167,29
167,32
167,36
167,42
167,43
167,44
167,45
167,46
327,1
327,3
327,4
327,6
327,10
327,11
327,17
327,18
327,20
327,21
327,27
327,28
327,29
327,30
327,31
327,32
327,34
327,39
327,42
327,43
327,44
327,45
327,46
327,48
327,49
325,4
325,6
325,10
325,11
325,12
325,16
325,17
325,18
325,21
325,23
325,27
325,29
325,30
325,32
325,33
325,34
325,41
325,42
325,43
325,44
325,45
325,46
325,48
325,49
7,1
7,3
7,6
7,7
7,10
7,13
7,14
7,17
7,18
7,21
7,23
7,27
7,28
7,31
7,32
7,42
7,43
7,44
7,45
234,4
234,5
234,6
234,10
234,11
234,16
234,17
234,18
234,21
234,22
234,23
234,24
234,25
234,26
234,27
234,29
234,30
234,32
234,33
234,34
234,42
234,43
234,44
234,45
234,46
234,48
121,3
121,6
121,7
121,10
121,13
121,14
121,15
121,16
121,17
121,18
121,21
121,24
121,25
121,27
121,29
121,32
121,33
121,42
121,43
121,44
121,48
120,3
120,6
120,7
120,10
120,13
120,14
120,16
120,17
120,18
120,21
120,24
120,25
120,27
120,29
120,32
120,33
120,42
120,43
120,44
208,5
208,6
208,10
208,11
208,12
208,15
208,17
208,21
208,23
208,26
208,27
208,28
208,32
208,37
208,39
208,41
208,42
208,43
208,44
208,45
185,1
185,4
185,6
185,10
185,11
185,12
185,17
185,21
185,26
185,27
185,28
185,31
185,32
185,37
185,39
185,42
185,43
185,44
185,45
185,46
245,3
245,4
245,5
245,6
245,7
245,10
245,11
245,13
245,14
245,15
245,17
245,18
245,21
245,23
245,27
245,28
245,32
245,33
245,37
245,42
245,43
245,44
192,6
192,9
192,10
192,11
192,15
192,16
192,17
192,19
192,20
192,21
192,22
192,27
192,32
192,36
192,42
192,43
192,44
192,45
191,6
191,9
191,10
191,11
191,16
191,17
191,19
191,20
191,21
191,22
191,27
191,32
191,36
191,42
191,43
191,44
191,45
283,3
283,6
283,10
283,11
283,13
283,14
283,17
283,18
283,19
283,21
283,22
283,27
283,30
283,32
283,42
283,43
283,44
283,45
283,46
333,6
333,10
333,11
333,13
333,17
333,18
333,20
333,21
333,22
333,27
333,32
333,40
333,42
333,43
333,44
333,45
333,46
333,47
317,3
317,6
317,9
317,10
317,11
317,13
317,15
317,17
317,18
317,19
317,21
317,22
317,27
317,30
317,32
317,34
317,36
317,42
317,43
317,44
317,45
317,49
260,1
260,3
260,5
260,6
260,7
260,10
260,13
260,14
260,15
260,17
260,18
260,21
260,23
260,26
260,27
260,28
260,31
260,32
260,39
260,42
260,43
260,44
260,45
277,6
277,10
277,11
277,15
277,17
277,18
277,21
277,27
277,32
277,40
277,42
277,43
277,44
277,45
277,46
277,47
220,5
220,6
220,7
220,10
220,13
220,14
220,16
220,17
220,18
220,21
220,26
220,27
220,28
220,32
220,33
220,37
220,39
220,42
220,43
220,44
220,45
276,6
276,10
276,11
276,17
276,18
276,21
276,27
276,32
276,40
276,42
276,43
276,44
276,45
276,46
276,47
114,6
114,9
114,10
114,11
114,15
114,17
114,19
114,21
114,22
114,27
114,32
114,36
114,42
114,43
114,44
114,45
114,46
128,3
128,6
128,10
128,11
128,13
128,14
128,15
128,17
128,18
128,21
128,22
128,23
128,24
128,25
128,26
128,27
128,32
128,34
128,35
128,37
128,38
128,39
128,42
128,43
128,44
128,45
216,1
216,5
216,6
216,8
216,10
216,11
216,12
216,17
216,18
216,21
216,26
216,27
216,28
216,31
216,32
216,40
216,41
216,42
216,43
216,44
216,45
216,46
72,3
72,6
72,7
72,10
72,13
72,14
72,17
72,18
72,19
72,21
72,27
72,32
72,36
72,42
72,43
72,44
72,45
72,46
73,3
73,6
73,7
73,10
73,13
73,14
73,15
73,17
73,18
73,19
73,21
73,27
73,32
73,36
73,42
73,43
73,44
73,45
73,46
175,3
175,6
175,10
175,11
175,16
175,17
175,18
175,20
175,21
175,22
175,27
175,29
175,30
175,32
175,33
175,34
175,35
175,38
175,42
175,43
175,44
175,45
176,1
176,3
176,6
176,10
176,11
176,15
176,16
176,17
176,18
176,20
176,21
176,22
176,27
176,29
176,30
176,31
176,32
176,33
176,34
176,35
176,38
176,40
176,42
176,43
176,44
176,45
176,47
255,6
255,10
255,11
255,17
255,21
255,27
255,28
255,32
255,35
255,38
255,39
255,40
255,42
255,43
255,44
255,45
255,50
324,6
324,10
324,11
324,17
324,21
324,23
324,27
324,32
324,35
324,36
324,38
324,42
324,43
324,44
324,45
324,50
158,1
158,3
158,6
158,7
158,10
158,13
158,14
158,17
158,18
158,21
158,23
158,27
158,28
158,31
158,32
158,40
158,42
158,43
158,44
158,45
328,6
328,10
328,11
328,15
328,17
328,19
328,21
328,22
328,26
328,27
328,28
328,32
328,37
328,39
328,42
328,43
328,44
328,45
252,1
252,6
252,9
252,10
252,11
252,17
252,19
252,20
252,21
252,22
252,23
252,27
252,28
252,31
252,32
252,39
252,40
252,42
252,43
252,44
252,45
357,5
357,6
357,9
357,10
357,11
357,15
357,17
357,19
357,20
357,21
357,22
357,26
357,27
357,32
357,40
357,42
357,43
357,44
357,45
357,47
157,1
157,5
157,6
157,10
157,11
157,15
157,17
157,21
157,26
157,27
157,28
157,31
157,32
157,35
157,38
157,40
157,42
157,43
157,44
157,45
157,50
248,1
248,2
248,3
248,5
248,6
248,10
248,11
248,12
248,13
248,14
248,15
248,17
248,18
248,21
248,23
248,24
248,25
248,26
248,27
248,28
248,31
248,32
248,34
248,35
248,37
248,38
248,39
248,40
248,41
248,42
248,43
248,44
248,45
236,6
236,8
236,10
236,11
236,17
236,18
236,21
236,26
236,27
236,31
236,32
236,42
236,43
236,44
236,45
236,46
197,6
197,10
197,11
197,12
197,15
197,17
197,18
197,21
197,23
197,27
197,28
197,29
197,30
197,32
197,41
197,42
197,43
197,44
197,45
197,49
217,1
217,5
217,6
217,8
217,10
217,11
217,12
217,15
217,17
217,18
217,21
217,26
217,27
217,28
217,31
217,32
217,39
217,40
217,41
217,42
217,43
217,44
217,45
217,46
134,3
134,5
134,6
134,7
134,10
134,11
134,13
134,14
134,15
134,17
134,18
134,21
134,23
134,27
134,28
134,30
134,32
134,42
134,43
134,44
134,45
49,6
49,10
49,11
49,15
49,17
49,19
49,21
49,22
49,27
49,29
49,32
49,36
49,40
49,42
49,43
49,44
49,45
49,46
49,48
48,6
48,10
48,11
48,17
48,19
48,21
48,22
48,27
48,29
48,32
48,36
48,42
48,43
48,44
48,45
48,46
48,48
3,5
3,6
3,9
3,10
3,11
3,15
3,17
3,19
3,21
3,22
3,26
3,27
3,32
3,36
3,42
3,43
3,44
3,45
329,6
329,10
329,11
329,15
329,17
329,19
329,21
329,22
329,26
329,27
329,28
329,32
329,37
329,39
329,42
329,43
329,44
329,45
329,47
71,6
71,9
71,10
71,11
71,15
71,17
71,19
71,21
71,22
71,27
71,32
71,36
71,42
71,43
71,44
71,45
71,46
288,1
288,3
288,5
288,6
288,8
288,10
288,11
288,12
288,13
288,14
288,17
288,18
288,21
288,22
288,24
288,25
288,26
288,27
288,30
288,31
288,32
288,34
288,35
288,38
288,40
288,42
288,43
288,44
288,45
45,6
45,9
45,10
45,11
45,15
45,17
45,19
45,21
45,22
45,27
45,32
45,36
45,42
45,43
45,44
45,45
313,1
313,3
313,6
313,10
313,11
313,16
313,17
313,18
313,19
313,21
313,22
313,24
313,25
313,27
313,30
313,31
313,32
313,34
313,40
313,42
313,43
313,44
313,45
313,46
100,6
100,10
100,12
100,16
100,17
100,18
100,21
100,24
100,25
100,27
100,32
100,34
100,41
100,42
100,43
100,44
100,46
37,5
37,6
37,10
37,11
37,17
37,20
37,21
37,23
37,27
37,28
37,32
37,35
37,38
37,42
37,43
37,44
37,45
37,50
320,3
320,5
320,6
320,7
320,10
320,13
320,14
320,17
320,18
320,21
320,26
320,27
320,32
320,39
320,42
320,43
320,44
320,45
321,3
321,5
321,6
321,7
321,10
321,13
321,14
321,15
321,17
321,18
321,21
321,26
321,27
321,32
321,39
321,42
321,43
321,44
321,45
365,3
365,5
365,6
365,7
365,10
365,13
365,14
365,15
365,17
365,18
365,21
365,23
365,26
365,27
365,32
365,39
365,42
365,43
365,44
365,45
8,1
8,3
8,6
8,7
8,10
8,13
8,14
8,17
8,18
8,21
8,23
8,27
8,28
8,31
8,32
8,42
8,43
8,44
8,45
70,6
70,9
70,10
70,11
70,17
70,19
70,21
70,22
70,27
70,32
70,36
70,42
70,43
70,44
70,45
70,46
110,6
110,10
110,11
110,12
110,15
110,17
110,18
110,21
110,24
110,25
110,27
110,30
110,32
110,34
110,35
110,36
110,38
110,41
110,42
110,43
110,44
110,45
110,46
340,3
340,6
340,7
340,10
340,13
340,14
340,15
340,17
340,18
340,21
340,26
340,27
340,32
340,37
340,39
340,42
340,43
340,44
340,45
293,3
293,5
293,6
293,10
293,11
293,13
293,14
293,17
293,18
293,21
293,22
293,27
293,30
293,32
293,34
293,35
293,38
293,42
293,43
293,44
293,45
40,1
40,3
40,6
40,10
40,11
40,13
40,14
40,15
40,16
40,17
40,18
40,20
40,21
40,22
40,24
40,25
40,27
40,28
40,29
40,30
40,31
40,32
40,33
40,34
40,35
40,38
40,42
40,43
40,44
40,45
40,49
278,3
278,6
278,7
278,10
278,13
278,14
278,17
278,18
278,21
278,27
278,32
278,34
278,40
278,42
278,43
278,44
278,45
278,46
278,47
194,3
194,6
194,7
194,10
194,13
194,14
194,17
194,18
194,21
194,23
194,26
194,27
194,28
194,32
194,36
194,37
194,42
194,43
194,44
194,45
178,4
178,6
178,10
178,11
178,15
178,16
178,17
178,18
178,19
178,21
178,22
178,27
178,29
178,30
178,32
178,33
178,40
178,42
178,43
178,44
178,45
178,46
178,47
178,48
193,6
193,10
193,11
193,17
193,19
193,21
193,22
193,27
193,29
193,30
193,32
193,40
193,42
193,43
193,44
193,45
193,46
193,47
335,1
335,3
335,5
335,6
335,10
335,11
335,12
335,13
335,14
335,17
335,18
335,19
335,21
335,22
335,23
335,24
335,25
335,27
335,28
335,30
335,31
335,32
335,34
335,35
335,38
335,40
335,42
335,43
335,44
335,45
335,46
145,5
145,6
145,10
145,11
145,15
145,16
145,17
145,18
145,21
145,24
145,25
145,27
145,32
145,34
145,37
145,40
145,42
145,43
145,44
145,47
263,3
263,6
263,10
263,11
263,13
263,14
263,17
263,18
263,21
263,23
263,24
263,25
263,27
263,28
263,30
263,32
263,34
263,42
263,43
263,44
263,45
263,46
41,6
41,10
41,11
41,12
41,17
41,18
41,19
41,21
41,27
41,30
41,32
41,36
41,40
41,41
41,42
41,43
41,44
41,45
41,46
41,47
41,49
151,1
151,2
151,3
151,4
151,5
151,6
151,7
151,8
151,9
151,10
151,11
151,12
151,13
151,14
151,15
151,16
151,17
151,18
151,19
151,20
151,21
151,22
151,23
151,24
151,25
151,26
151,27
151,28
151,29
151,30
151,31
151,32
151,33
151,34
151,35
151,36
151,37
151,38
151,39
151,40
151,41
151,42
151,43
151,44
151,45
151,46
151,47
151,48
151,49
151,50
